I2L,I1L,2
M3L,I1L,2
MCR,I1L,1
NSML,I1L,3
RIPL,I1L,2
I2R,I1R,1
I3,I1R,1
MCR,I1R,4
NSMR,I1R,2
RIPR,I1R,2
I1L,I2L,2
I4,I2L,1
M2L,I2L,1
I1R,I2R,1
M1,I2R,1
M2R,I2R,1
MCR,I2R,1
NSMR,I2R,2
I1R,I3,1
M1,I3,1
MI,I3,1
I2L,I4,1
M2R,I4,2
M4,I4,1
M2L,I5,1
M2R,I5,1
M5,I5,1
M4,I6,5
I2R,M1,1
I3,M1,1
I2L,M2L,1
I5,M2L,1
M4,M2L,1
MCL,M2L,1
I2R,M2R,1
I4,M2R,2
I5,M2R,1
M3R,M2R,1
MCR,M2R,11
MI,M2R,5
I1L,M3L,2
NSMR,M3L,1
M2R,M3R,1
NSMR,M3R,2
I4,M4,1
I6,M4,5
M2L,M4,1
M4,M4,1
M5,M4,2
I5,M5,1
M4,M5,2
M5,M5,1
M2L,MCL,1
I1L,MCR,1
I1R,MCR,4
I2R,MCR,1
M2R,MCR,11
I3,MI,1
M2R,MI,5
I1L,NSML,3
NSMR,NSML,2
I1R,NSMR,2
I2R,NSMR,2
M3L,NSMR,1
M3R,NSMR,2
NSML,NSMR,2
ASHL,ADFL,1
AWCL,ADFL,1
AFDL,ADFL,3
AIZL,ADFL,1
ADAL,ADFL,5
RIPL,ADFL,2
RIAL,ADFL,1
URBL,ADFL,1
ASGR,ADFR,1
AWAR,ADFR,3
AWBR,ADFR,1
AFDR,ADFR,5
AIAR,ADFR,4
ADAR,ADFR,4
RIH,ADFR,1
SMBVR,ADFR,1
SMDVR,ADFR,2
ADLR,ADLL,6
AWAL,ADLL,1
RMGL,ADLL,3
AVDR,ADLL,2
ADLL,ADLR,6
ASGR,ADLR,1
ASKR,ADLR,1
ASGL,ASEL,3
AWCL,ASEL,1
AWCR,ASEL,2
AFDL,ASEL,6
AFDR,ASEL,2
ASGR,ASER,3
AWBR,ASER,1
AFDR,ASER,1
PVQR,ASER,1
ASEL,ASGL,3
AWBL,ASGL,1
AIZL,ASGL,3
AIML,ASGL,1
AINR,ASGL,1
RIVL,ASGL,2
ADFR,ASGR,1
ADLR,ASGR,1
ASER,ASGR,3
ASIR,ASGR,4
AWCR,ASGR,2
AIAR,ASGR,3
AIZR,ASGR,1
AINL,ASGR,1
ADFL,ASHL,1
ASHR,ASHL,7
ASKL,ASHL,18
AIZL,ASHL,2
RICL,ASHL,5
RMGL,ASHL,3
ASHL,ASHR,7
ASKR,ASHR,2
AFDR,ASHR,4
AIAR,ASHR,1
AIZR,ASHR,6
ADAR,ASHR,3
RICR,ASHR,4
RMGR,ASHR,3
AVHL,ASHR,2
AVAR,ASHR,2
AVER,ASHR,1
AIAL,ASIL,1
AINR,ASIL,1
ASGR,ASIR,4
AIAL,ASIR,2
AIAR,ASIR,3
AIYR,ASIR,1
ASJR,ASJL,7
IL2L,ASJL,1
AIAL,ASJL,1
ALA,ASJL,2
PVQL,ASJL,1
RIVL,ASJL,1
ASJL,ASJR,7
AIMR,ASJR,1
PVQR,ASJR,5
ASHL,ASKL,18
ASKR,ASKL,9
AIAL,ASKL,2
AIBL,ASKL,1
AVHL,ASKL,8
PVQL,ASKL,8
HSNL,ASKL,1
ADLR,ASKR,1
ASHR,ASKR,2
ASKL,ASKR,9
ASKR,ASKR,2
AIAR,ASKR,1
AIBR,ASKR,3
ALA,ASKR,1
RMGR,ASKR,1
AVHR,ASKR,10
PVQR,ASKR,25
HSNR,ASKR,3
ADLL,AWAL,1
AWAR,AWAL,2
AIZL,AWAL,3
ADFR,AWAR,3
AWAL,AWAR,2
AIAR,AWAR,3
AIZR,AWAR,3
ASGL,AWBL,1
AWBR,AWBL,3
AUAL,AWBL,4
AIAL,AWBL,1
RMGL,AWBL,1
ADFR,AWBR,1
ASER,AWBR,1
AWBL,AWBR,3
AUAR,AWBR,3
RICL,AWBR,4
RMGR,AWBR,1
ADFL,AWCL,1
ASEL,AWCL,1
AUAL,AWCL,1
ASEL,AWCR,2
ASGR,AWCR,2
AFDR,AWCR,3
AIAL,AWCR,1
AIAR,AWCR,1
ADFL,AFDL,3
ASEL,AFDL,6
AFDR,AFDL,1
AIBL,AFDL,2
AIYL,AFDL,2
URBL,AFDL,9
AVEL,AFDL,1
ADFR,AFDR,5
ASEL,AFDR,2
ASER,AFDR,1
ASHR,AFDR,4
AWCR,AFDR,3
AFDL,AFDR,1
URBR,AFDR,2
RMDVR,AFDR,1
IL1DR,IL1DL,3
IL1L,IL1DL,2
RMEV,IL1DL,1
IL1DL,IL1DR,3
IL1R,IL1DR,8
RMDVR,IL1DR,1
RMEV,IL1DR,4
IL1DL,IL1L,2
IL1VL,IL1L,8
RIPL,IL1L,1
URBL,IL1L,2
RMER,IL1L,1
IL1DR,IL1R,8
IL1VR,IL1R,8
IL1L,IL1VL,8
IL1VR,IL1VL,11
RMDDL,IL1VL,1
RMED,IL1VL,3
IL1R,IL1VR,8
IL1VL,IL1VR,11
IL2VR,IL1VR,1
URAVR,IL1VR,4
URADL,IL2DL,1
RMED,IL2DR,1
URADR,IL2DR,1
ASJL,IL2L,1
OLLL,IL2L,2
URXL,IL2L,1
RMGL,IL2L,5
URBL,IL2L,4
RMDL,IL2L,2
RMER,IL2L,2
URAVL,IL2L,1
URXR,IL2R,4
RMGR,IL2R,1
URBR,IL2R,4
URAVL,IL2VL,3
IL1VR,IL2VR,1
CEPVR,IL2VR,1
CEPDL,OLQDL,2
RIBL,OLQDL,5
RIGL,OLQDL,3
URBL,OLQDL,3
RMDVL,OLQDL,1
CEPDR,OLQDR,8
RIBR,OLQDR,5
RIGR,OLQDR,4
RIH,OLQDR,2
URBR,OLQDR,7
RMDVR,OLQDR,1
CEPVL,OLQVL,4
ADAL,OLQVL,4
RIBL,OLQVL,2
RIGL,OLQVL,2
RMDDL,OLQVL,3
CEPVR,OLQVR,1
RIBR,OLQVR,6
RIGR,OLQVR,6
URBR,OLQVR,5
RMDVL,OLQVR,2
IL2L,OLLL,2
OLLR,OLLL,11
RIGL,OLLL,3
OLLL,OLLR,11
RIGR,OLLR,5
OLQDL,CEPDL,2
OLQDR,CEPDR,8
OLQVL,CEPVL,4
RIH,CEPVL,1
URAVL,CEPVL,3
IL2VR,CEPVR,1
OLQVR,CEPVR,1
AIMR,CEPVR,1
AVM,ALML,7
BDUL,ALML,23
RMGL,ALML,3
PVR,ALML,3
RMDDR,ALML,2
SMBDR,ALML,1
AVM,ALMR,16
BDUR,ALMR,23
SDQR,ALMR,2
PVR,ALMR,3
AVDR,ALMR,2
ALML,AVM,7
ALMR,AVM,16
PVR,AVM,4
AVDL,AVM,8
PVM,PVM,1
PDEL,PVM,11
PDER,PVM,8
AVKL,PVM,1
DVA,PVM,1
PVR,PVM,1
PLNL,PLML,1
PDEL,PLML,2
PDER,PLML,3
PHCL,PLML,11
PVCL,PLML,4
LUAL,PLML,8
PLNR,PLMR,1
PDEL,PLMR,4
PDER,PLMR,2
PVR,PLMR,3
PVCR,PLMR,8
LUAR,PLMR,9
SMBDR,ALNL,3
SMDDR,ALNL,2
SMDVL,ALNL,1
ADER,ALNR,2
RMGR,ALNR,1
PVR,ALNR,16
SMDDL,ALNR,1
PLML,PLNL,1
PHAL,PLNL,1
PHBL,PLNL,1
PHCL,PLNL,2
PVWL,PLNL,1
VA2,PLNL,2
PLMR,PLNR,1
PHAR,PLNR,6
PHBR,PLNR,12
FLPR,FLPL,6
AIBL,FLPL,1
RIH,FLPL,1
SDQL,FLPL,1
SIADR,FLPL,1
AVDL,FLPL,5
DD1,FLPL,1
FLPL,FLPR,6
ADER,FLPR,4
AVDL,FLPR,9
AVDR,FLPR,2
DA1,FLPR,5
DA2,FLPR,6
DA3,FLPR,16
AS1,FLPR,1
PVDR,PVDL,3
AVG,PVDL,1
PVCR,PVDL,1
AVAR,PVDL,4
VA10,PVDL,1
PVDL,PVDR,3
PDER,PVDR,1
DVC,PVDR,1
AVAL,PVDR,6
VD9,PVDR,1
BAGR,BAGL,1
AINR,BAGL,3
RIGL,BAGL,1
RIGR,BAGL,2
RIR,BAGL,4
BAGL,BAGR,1
RIR,BAGR,5
AVEL,BAGR,1
IL2L,URXL,1
RMGL,URXL,3
IL2R,URXR,4
AUAR,URXR,3
RICR,URXR,1
RMGR,URXR,5
RIGL,URYDL,4
AVAL,URYDL,2
RIGR,URYDR,3
AVAR,URYDR,5
URADR,URYDR,1
RIGL,URYVL,3
AVAL,URYVR,2
RIGR,AQR,3
AVKL,AQR,7
AVKR,AQR,2
PVPL,AQR,41
PVPR,AQR,61
AVBL,AQR,3
PHBL,PQR,1
AVJL,PQR,5
AVJR,PQR,2
PVNL,PQR,3
PVNR,PQR,2
PVPL,PQR,16
PVPR,PQR,10
PVWL,PQR,2
PVCL,PQR,2
AVDL,PQR,2
AVDR,PQR,3
AWBL,AUAL,4
AWCL,AUAL,1
AUAR,AUAL,2
AINR,AUAL,3
RMDVL,AUAL,2
AWBR,AUAR,3
URXR,AUAR,3
AUAL,AUAR,2
AIYR,AUAR,1
AINL,AUAR,1
AINL,ADEL,2
RIGR,ADEL,1
ALNR,ADER,2
FLPR,ADER,4
AINR,ADER,4
AVJR,ADER,1
AVKL,ADER,4
PVQR,ADER,2
PVM,PDEL,11
PLML,PDEL,2
PLMR,PDEL,4
PDER,PDEL,25
AVKL,PDEL,2
AVKR,PDEL,1
DVA,PDEL,3
PVR,PDEL,8
PVCR,PDEL,2
VB10,PDEL,1
VB11,PDEL,4
PVM,PDER,8
PLML,PDER,3
PLMR,PDER,2
PVDR,PDER,1
PDEL,PDER,25
AVKL,PDER,1
DVA,PDER,6
PVR,PDER,9
PVCL,PDER,1
VB9,PDER,7
VB10,PDER,4
VD9,PDER,5
PLNL,PHAL,1
PHAR,PHAL,7
PHCL,PHAL,1
AVG,PHAL,3
AVHL,PHAL,1
PVPR,PHAL,7
PVQL,PHAL,1
PLNR,PHAR,6
PHAL,PHAR,7
PHBR,PHAR,1
AVG,PHAR,2
AVHR,PHAR,2
PVPL,PHAR,15
PVR,PHAR,2
PVCR,PHAR,2
PLNL,PHBL,1
PQR,PHBL,1
PHBR,PHBL,17
AVHL,PHBL,1
AVHR,PHBL,2
AVJR,PHBL,1
PVQL,PHBL,3
PVCL,PHBL,3
AVAR,PHBL,1
PLNR,PHBR,12
PHAR,PHBR,1
PHBL,PHBR,17
PHCR,PHBR,1
AVHL,PHBR,10
AVHR,PHBR,2
PVPL,PHBR,1
PVQR,PHBR,4
PVR,PHBR,1
PVT,PHBR,1
PVWR,PHBR,1
PLML,PHCL,11
PLNL,PHCL,2
PHAL,PHCL,1
PHCR,PHCL,2
AVAL,PHCL,1
DA8,PHCL,2
VA12,PHCL,1
PHBR,PHCR,1
PHCL,PHCR,2
AVG,PHCR,1
AVHL,PHCR,2
AVJR,PHCR,1
PVCR,PHCR,5
AVAL,PHCR,3
AVAR,PHCR,1
LUAR,PHCR,1
DA9,PHCR,7
ASIL,AIAL,1
ASIR,AIAL,2
ASJL,AIAL,1
ASKL,AIAL,2
AWBL,AIAL,1
AWCR,AIAL,1
AIAR,AIAL,7
AIBL,AIAL,5
ADFR,AIAR,4
ASGR,AIAR,3
ASHR,AIAR,1
ASIR,AIAR,3
ASKR,AIAR,1
AWAR,AIAR,3
AWCR,AIAR,1
AIAL,AIAR,7
AIAR,AIAR,2
ASKL,AIBL,1
AFDL,AIBL,2
FLPL,AIBL,1
AIAL,AIBL,5
AIZR,AIBL,4
RIGR,AIBL,3
RIS,AIBL,1
SDQR,AIBL,1
SIADR,AIBL,1
DVC,AIBL,2
RIMR,AIBL,1
RMED,AIBL,2
SMDDR,AIBL,1
ASKR,AIBR,3
AIZL,AIBR,3
RICR,AIBR,1
RIGL,AIBR,3
RIS,AIBR,3
SIAVL,AIBR,1
DVC,AIBR,9
PVPL,AIBR,2
PVT,AIBR,1
RIML,AIBR,2
RIVR,AIBR,3
SMDDL,AIBR,2
AFDL,AIYL,2
AIYR,AIYL,4
AVKL,AIYL,1
RIML,AIYL,5
ASIR,AIYR,1
AUAR,AIYR,1
AIYL,AIYR,4
RIMR,AIYR,3
ADFL,AIZL,1
ASGL,AIZL,3
ASHL,AIZL,2
AWAL,AIZL,3
AIBR,AIZL,3
AIZR,AIZL,18
RIGL,AIZL,1
RIH,AIZL,1
ASGR,AIZR,1
ASHR,AIZR,6
AWAR,AIZR,3
AIBL,AIZR,4
AIZL,AIZR,18
SIBVL,AIZR,1
ADFL,ADAL,5
OLQVL,ADAL,4
ADAR,ADAL,3
PVQL,ADAL,4
AVDR,ADAL,2
ADFR,ADAR,4
ASHR,ADAR,3
ADAL,ADAR,3
PVQR,ADAR,2
AVDL,ADAR,3
ASGL,AIML,1
SIBVR,AIML,1
ASJR,AIMR,1
CEPVR,AIMR,1
AVKR,AIMR,3
SMBVR,AIMR,1
ASGR,AINL,1
AUAR,AINL,1
ADEL,AINL,2
AINR,AINL,1
ASGL,AINR,1
ASIL,AINR,1
BAGL,AINR,3
AUAL,AINR,3
ADER,AINR,4
AINL,AINR,1
RIAL,AINR,2
ASJL,ALA,2
ASKR,ALA,1
RID,ALA,4
AVAL,ALA,1
AVER,ALA,3
HSNR,ALA,1
ALML,BDUL,23
PVNL,BDUL,1
ALMR,BDUR,23
PVR,BDUR,3
HSNR,BDUR,1
I1L,RIPL,2
ADFL,RIPL,2
IL1L,RIPL,1
RIPL,RIPL,4
RIPR,RIPL,2
RMED,RIPL,2
URAVL,RIPL,1
I1R,RIPR,2
RIPL,RIPR,2
RMED,RIPR,4
ADFL,RIAL,1
AINR,RIAL,2
RIBL,RIAL,1
SMDVL,RIAL,4
SIAVL,RIAR,1
SIAVR,RIAR,1
SAAVR,RIAR,1
RMDDL,RIAR,1
RMDDR,RIAR,1
SMDDL,RIAR,1
SMDVR,RIAR,1
OLQDL,RIBL,5
OLQVL,RIBL,2
RIAL,RIBL,1
RIBL,RIBL,3
RIBR,RIBL,15
RIGL,RIBL,3
SIADL,RIBL,2
SIAVL,RIBL,1
SIBDL,RIBL,5
SIBVL,RIBL,1
SIBVR,RIBL,2
AVBL,RIBL,6
AVBR,RIBL,3
RMEV,RIBL,2
SMDDL,RIBL,3
OLQDR,RIBR,5
OLQVR,RIBR,6
RIBL,RIBR,15
RIBR,RIBR,5
RIGR,RIBR,2
SIADR,RIBR,3
SIAVR,RIBR,2
SIBDR,RIBR,2
SIBVR,RIBR,6
AVBL,RIBR,2
AVBR,RIBR,3
SMBDR,RIBR,2
SMDDL,RIBR,4
SMDDR,RIBR,2
ASHL,RICL,5
AWBR,RICL,4
AVKR,RICL,4
ASHR,RICR,4
URXR,RICR,1
AIBR,RICR,1
RMHR,RICR,1
AVDL,RIFL,1
AVER,RIFL,1
HSNL,RIFL,1
RMGR,RIFR,1
AVG,RIFR,3
AVJL,RIFR,1
DD1,RIFR,2
OLQDL,RIGL,3
OLQVL,RIGL,2
OLLL,RIGL,3
BAGL,RIGL,1
URYDL,RIGL,4
URYVL,RIGL,3
AIBR,RIGL,3
AIZL,RIGL,1
RIBL,RIGL,3
RIGR,RIGL,81
AVKL,RIGL,2
PVPL,RIGL,2
RMEL,RIGL,2
RMFL,RIGL,1
VD1,RIGL,3
OLQDR,RIGR,4
OLQVR,RIGR,6
OLLR,RIGR,5
BAGL,RIGR,2
URYDR,RIGR,3
AQR,RIGR,3
ADEL,RIGR,1
AIBL,RIGR,3
RIBR,RIGR,2
RIGL,RIGR,81
AVKL,RIGR,1
AVKR,RIGR,2
RMFL,RIGR,1
VD1,RIGR,2
ADFR,RIH,1
OLQDR,RIH,2
CEPVL,RIH,1
FLPL,RIH,1
AIZL,RIH,1
BAGL,RIR,4
BAGR,RIR,5
AIBL,RIS,1
AIBR,RIS,3
AVJL,RIS,15
AVEL,RIS,3
RIML,RIS,2
RIMR,RIS,2
RMDR,RIS,1
RMEV,RIS,1
SMDDL,RIS,2
SMDDR,RIS,5
SMDVL,RIS,2
ADLL,RMGL,3
ASHL,RMGL,3
AWBL,RMGL,1
IL2L,RMGL,5
ALML,RMGL,3
URXL,RMGL,3
AVFR,RMGL,1
AVEL,RMGL,2
RMDDR,RMGL,1
RMHL,RMGL,6
ASHR,RMGR,3
ASKR,RMGR,1
AWBR,RMGR,1
IL2R,RMGR,1
ALNR,RMGR,1
URXR,RMGR,5
RIFR,RMGR,1
PVPR,RMGR,3
RMHL,RMGR,1
RMHR,RMGR,4
SMBVR,RMGR,3
FLPL,SDQL,1
SDQR,SDQL,2
SIADR,SDQL,1
DVA,SDQL,1
ALMR,SDQR,2
AIBL,SDQR,1
SDQL,SDQR,2
SIAVR,SDQR,1
SIBDL,SDQR,2
DVA,SDQR,1
AVBL,SDQR,1
SAADL,SDQR,1
RIVL,SDQR,5
RIVR,SDQR,3
RIBL,SIADL,2
SIBVR,SIADL,1
AVDR,SIADL,1
RIML,SIADL,1
RMDDR,SIADL,1
SMBDL,SIADL,2
FLPL,SIADR,1
AIBL,SIADR,1
RIBR,SIADR,3
SDQL,SIADR,1
DVA,SIADR,1
RIMR,SIADR,1
SMBDR,SIADR,3
SMDDR,SIADR,1
AIBR,SIAVL,1
RIAR,SIAVL,1
RIBL,SIAVL,1
SIBDL,SIAVL,2
SIBVL,SIAVL,2
AVHR,SIAVL,1
RMDVR,SIAVL,1
RIAR,SIAVR,1
RIBR,SIAVR,2
SDQR,SIAVR,1
DVA,SIAVR,1
RMDL,SIAVR,1
RMDVL,SIAVR,1
RIBL,SIBDL,5
SDQR,SIBDL,2
SIAVL,SIBDL,2
SIBVL,SIBDL,8
AVBR,SIBDL,2
RIBR,SIBDR,2
SIBVL,SIBDR,3
SIBVR,SIBDR,10
RMDDL,SIBDR,1
SMBDL,SIBDR,4
AIZR,SIBVL,1
RIBL,SIBVL,1
SIAVL,SIBVL,2
SIBDL,SIBVL,8
SIBDR,SIBVL,3
SIBVR,SIBVL,1
PVCR,SIBVL,1
AVBL,SIBVL,2
RMDL,SIBVL,2
SMBDL,SIBVL,1
SMBVL,SIBVL,2
SMDDL,SIBVL,3
SMDVL,SIBVL,1
AIML,SIBVR,1
RIBL,SIBVR,2
RIBR,SIBVR,6
SIADL,SIBVR,1
SIBDR,SIBVR,10
SIBVL,SIBVR,1
RMHL,SIBVR,3
RIVL,SIBVR,1
SMBDL,SIBVR,1
ADFL,URBL,1
AFDL,URBL,9
IL1L,URBL,2
IL2L,URBL,4
OLQDL,URBL,3
AFDR,URBR,2
IL2R,URBR,4
OLQDR,URBR,7
OLQVR,URBR,5
SMBVR,URBR,1
AVFR,AVFL,31
AVG,AVFL,1
AVHL,AVFL,4
AVHR,AVFL,5
PVNR,AVFL,1
PVPL,AVFL,2
PVPR,AVFL,1
PVQR,AVFL,5
PVCL,AVFL,1
AS11,AVFL,2
VA11,AVFL,1
VD12,AVFL,3
VC5,AVFL,1
RMGL,AVFR,1
AVFL,AVFR,31
AVG,AVFR,1
AVHL,AVFR,11
AVHR,AVFR,7
PVPL,AVFR,3
PVQL,AVFR,2
PVQR,AVFR,2
VB1,AVFR,1
PVDL,AVG,1
PHAL,AVG,3
PHAR,AVG,2
PHCR,AVG,1
RIFR,AVG,3
AVFL,AVG,1
AVFR,AVG,1
AVHR,AVG,4
AVJR,AVG,1
AVL,AVG,4
DVC,AVG,12
PVPL,AVG,3
PVPR,AVG,2
PVQL,AVG,1
PVT,AVG,4
AS11,AVG,1
DD6,AVG,1
ASHR,AVHL,2
ASKL,AVHL,8
PHAL,AVHL,1
PHBL,AVHL,1
PHBR,AVHL,10
PHCR,AVHL,2
AVFL,AVHL,4
AVFR,AVHL,11
AVHR,AVHL,15
AVJR,AVHL,6
DVB,AVHL,1
PVNL,AVHL,1
PVNR,AVHL,1
PVPL,AVHL,2
PVPR,AVHL,6
AVDL,AVHL,2
LUAL,AVHL,1
DB7,AVHL,3
AS10,AVHL,1
AS11,AVHL,3
VD12,AVHL,8
ASKR,AVHR,10
PHAR,AVHR,2
PHBL,AVHR,2
PHBR,AVHR,2
SIAVL,AVHR,1
AVFL,AVHR,5
AVFR,AVHR,7
AVG,AVHR,4
AVHL,AVHR,15
AVJL,AVHR,3
AVJR,AVHR,2
AVL,AVHR,2
DVC,AVHR,4
PVNL,AVHR,1
PVNR,AVHR,1
PVPL,AVHR,4
PVPR,AVHR,3
PVQL,AVHR,3
PVQR,AVHR,2
PVT,AVHR,2
DA8,AVHR,5
AS11,AVHR,17
DD6,AVHR,1
VA11,AVHR,1
VD12,AVHR,13
PQR,AVJL,5
RIFR,AVJL,1
RIS,AVJL,15
AVHR,AVJL,3
AVJR,AVJL,10
PVNL,AVJL,5
PVNR,AVJL,2
PVWL,AVJL,3
PVWR,AVJL,5
PVCL,AVJL,3
PVCR,AVJL,19
AVAL,AVJL,7
AVDR,AVJL,6
LUAL,AVJL,5
LUAR,AVJL,1
PDB,AVJL,2
PQR,AVJR,2
ADER,AVJR,1
PHBL,AVJR,1
PHCR,AVJR,1
AVG,AVJR,1
AVHL,AVJR,6
AVHR,AVJR,2
AVJL,AVJR,10
PVNR,AVJR,5
PVT,AVJR,1
PVWR,AVJR,1
PVCL,AVJR,3
PVCR,AVJR,1
AVAL,AVJR,4
AVAR,AVJR,3
AVBR,AVJR,3
AVDL,AVJR,1
LUAR,AVJR,1
VA11,AVJR,2
PVM,AVKL,1
AQR,AVKL,7
ADER,AVKL,4
PDEL,AVKL,2
AIYL,AVKL,1
RIGL,AVKL,2
RIGR,AVKL,1
AVKR,AVKL,9
AVL,AVKL,3
DVA,AVKL,18
PVPL,AVKL,3
PVPR,AVKL,6
PVT,AVKL,5
SMBDL,AVKL,2
SMBDR,AVKL,2
SMBVL,AVKL,6
SMBVR,AVKL,2
AS10,AVKL,1
AS11,AVKL,1
VB10,AVKL,1
AQR,AVKR,2
PDEL,AVKR,1
AIMR,AVKR,3
RICL,AVKR,4
RIGR,AVKR,2
AVKL,AVKR,9
PVPL,AVKR,22
PVQL,AVKR,2
PVT,AVKR,1
AVER,AVKR,1
RIMR,AVKR,1
SMBDL,AVKR,1
SMBDR,AVKR,9
SMBVR,AVKR,6
AVG,AVL,4
AVHR,AVL,2
AVKL,AVL,3
DVB,AVL,14
DVC,AVL,22
PVNR,AVL,2
PVPL,AVL,1
PVPR,AVL,8
PVT,AVL,6
PVWR,AVL,3
AVEL,AVL,1
DA9,AVL,4
PDA,AVL,3
DD6,AVL,28
VD11,AVL,1
VD12,AVL,2
VD13,AVL,5
VC6,AVL,2
PVM,DVA,1
PDEL,DVA,3
PDER,DVA,6
SDQL,DVA,1
SDQR,DVA,1
SIADR,DVA,1
SIAVR,DVA,1
AVKL,DVA,18
DVC,DVA,1
PVPL,DVA,1
PVR,DVA,15
PVT,DVA,8
PVCL,DVA,3
PVCR,DVA,1
AVBL,DVA,11
AVBR,DVA,3
SAAVR,DVA,1
DA9,DVA,3
PDA,DVA,1
DB1,DVA,3
DB6,DVA,2
DB7,DVA,3
AS11,DVA,1
VA11,DVA,1
VB4,DVA,1
AVHL,DVB,1
AVL,DVB,14
DVB,DVB,2
DVC,DVB,15
PVPL,DVB,4
PVPR,DVB,4
PVT,DVB,3
DA8,DVB,5
AS11,DVB,4
DD5,DVB,1
DD6,DVB,3
VD11,DVB,2
VD13,DVB,5
PVDR,DVC,1
AIBL,DVC,2
AIBR,DVC,9
AVG,DVC,12
AVHR,DVC,4
AVL,DVC,22
DVA,DVC,1
DVB,DVC,15
PVNR,DVC,1
PVPL,DVC,20
PVPR,DVC,34
PVQR,DVC,7
PVT,DVC,11
DD6,DVC,1
VD1,DVC,2
VD11,DVC,1
VD13,DVC,1
VC6,DVC,1
PQR,PVNL,3
BDUL,PVNL,1
AVHL,PVNL,1
AVHR,PVNL,1
AVJL,PVNL,5
PVNR,PVNL,2
PVPL,PVNL,2
PVPR,PVNL,6
PVT,PVNL,2
PVCL,PVNL,2
AVAL,PVNL,1
AVBR,PVNL,7
AVDR,PVNL,1
LUAL,PVNL,3
DD6,PVNL,1
VD12,PVNL,1
PQR,PVNR,2
AVFL,PVNR,1
AVHL,PVNR,1
AVHR,PVNR,1
AVJL,PVNR,2
AVJR,PVNR,5
AVL,PVNR,2
DVC,PVNR,1
PVNL,PVNR,2
PVPR,PVNR,2
PVR,PVNR,5
PVT,PVNR,3
PVWR,PVNR,6
AVBL,PVNR,5
AVBR,PVNR,2
AVDL,PVNR,1
AVDR,PVNR,1
LUAR,PVNR,2
VD13,PVNR,1
HSNR,PVNR,2
VC6,PVNR,1
AQR,PVPL,41
PQR,PVPL,16
PHAR,PVPL,15
PHBR,PVPL,1
AIBR,PVPL,2
RIGL,PVPL,2
AVFL,PVPL,2
AVFR,PVPL,3
AVG,PVPL,3
AVHL,PVPL,2
AVHR,PVPL,4
AVKL,PVPL,3
AVKR,PVPL,22
AVL,PVPL,1
DVA,PVPL,1
DVB,PVPL,4
DVC,PVPL,20
PVNL,PVPL,2
PVPL,PVPL,1
PVPR,PVPL,2
PVQL,PVPL,8
PVT,PVPL,14
AVAL,PVPL,1
AS11,PVPL,6
PDB,PVPL,1
DD6,PVPL,2
VA11,PVPL,6
VA12,PVPL,1
VD11,PVPL,1
VD13,PVPL,11
HSNL,PVPL,1
AQR,PVPR,61
PQR,PVPR,10
PHAL,PVPR,7
RMGR,PVPR,3
AVFL,PVPR,1
AVG,PVPR,2
AVHL,PVPR,6
AVHR,PVPR,3
AVKL,PVPR,6
AVL,PVPR,8
DVB,PVPR,4
DVC,PVPR,34
PVNL,PVPR,6
PVNR,PVPR,2
PVPL,PVPR,2
PVT,PVPR,17
PVWL,PVPR,1
AVAL,PVPR,2
AVBR,PVPR,1
AVEL,PVPR,1
DD6,PVPR,9
VD12,PVPR,35
HSNR,PVPR,1
VC1,PVPR,1
VC6,PVPR,1
ASJL,PVQL,1
ASKL,PVQL,8
PHAL,PVQL,1
PHBL,PVQL,3
ADAL,PVQL,4
AVFR,PVQL,2
AVG,PVQL,1
AVHR,PVQL,3
AVKR,PVQL,2
PVPL,PVQL,8
PVQR,PVQL,46
LUAL,PVQL,1
ASER,PVQR,1
ASJR,PVQR,5
ASKR,PVQR,25
ADER,PVQR,2
PHBR,PVQR,4
ADAR,PVQR,2
AVFL,PVQR,5
AVFR,PVQR,2
AVHR,PVQR,2
DVC,PVQR,7
PVQL,PVQR,46
PVT,PVQR,1
PVWR,PVQR,1
PVCL,PVQR,1
DA7,PVQR,1
ALML,PVR,3
ALMR,PVR,3
AVM,PVR,4
PVM,PVR,1
PLMR,PVR,3
ALNR,PVR,16
PDEL,PVR,8
PDER,PVR,9
PHAR,PVR,2
PHBR,PVR,1
BDUR,PVR,3
DVA,PVR,15
PVNR,PVR,5
PVWR,PVR,2
PVCR,PVR,19
LUAL,PVR,6
LUAR,PVR,9
DA9,PVR,15
DB7,PVR,4
PDB,PVR,13
VD13,PVR,1
PHBR,PVT,1
AIBR,PVT,1
AVG,PVT,4
AVHR,PVT,2
AVJR,PVT,1
AVKL,PVT,5
AVKR,PVT,1
AVL,PVT,6
DVA,PVT,8
DVB,PVT,3
DVC,PVT,11
PVNL,PVT,2
PVNR,PVT,3
PVPL,PVT,14
PVPR,PVT,17
PVQR,PVT,1
PVWR,PVT,2
PVCR,PVT,4
AVAR,PVT,2
AVDL,PVT,1
LUAR,PVT,4
RMEV,PVT,1
URAVL,PVT,1
DD6,PVT,3
VD11,PVT,3
VD12,PVT,4
VD13,PVT,17
VC3,PVT,1
VC6,PVT,2
PLNL,PVWL,1
PQR,PVWL,2
AVJL,PVWL,3
PVPR,PVWL,1
PVWR,PVWL,2
PVCL,PVWL,4
PVCR,PVWL,10
LUAR,PVWL,3
DA8,PVWL,1
VD12,PVWL,6
VD13,PVWL,1
PHBR,PVWR,1
AVJL,PVWR,5
AVJR,PVWR,1
AVL,PVWR,3
PVNR,PVWR,6
PVQR,PVWR,1
PVR,PVWR,2
PVT,PVWR,2
PVWL,PVWR,2
PVCR,PVWR,10
AVAR,PVWR,2
AVDR,PVWR,1
LUAR,PVWR,3
VD13,PVWR,2
ALA,RID,4
RID,RID,5
AVBL,RID,2
AVBR,RID,7
DB1,RID,2
DB3,RID,1
PLML,PVCL,4
PQR,PVCL,2
PDER,PVCL,1
PHBL,PVCL,3
AVFL,PVCL,1
AVJL,PVCL,3
AVJR,PVCL,3
DVA,PVCL,3
PVNL,PVCL,2
PVQR,PVCL,1
PVWL,PVCL,4
PVCR,PVCL,67
AVAL,PVCL,5
AVAR,PVCL,10
DA4,PVCL,1
DA7,PVCL,1
DA8,PVCL,17
DB7,PVCL,8
VA12,PVCL,18
VB10,PVCL,2
VB11,PVCL,4
VD13,PVCL,1
PLMR,PVCR,8
PVDL,PVCR,1
PVDR,PVCR,2
PDEL,PVCR,2
PHAR,PVCR,2
PHCR,PVCR,5
SIBVL,PVCR,1
AVJL,PVCR,19
AVJR,PVCR,1
DVA,PVCR,1
PVR,PVCR,19
PVT,PVCR,4
PVWL,PVCR,10
PVWR,PVCR,10
PVCL,PVCR,67
AVAL,PVCR,15
AVAR,PVCR,22
AVDR,PVCR,2
DA7,PVCR,3
DA8,PVCR,1
DA9,PVCR,3
PDA,PVCR,1
DB7,PVCR,2
VA11,PVCR,3
VA12,PVCR,8
VB10,PVCR,1
VB11,PVCR,2
VD12,PVCR,1
PVDR,AVAL,6
URYDL,AVAL,2
URYVR,AVAL,2
PHCL,AVAL,1
PHCR,AVAL,3
ALA,AVAL,1
AVJL,AVAL,7
AVJR,AVAL,4
PVNL,AVAL,1
PVPL,AVAL,1
PVPR,AVAL,2
PVCL,AVAL,5
PVCR,AVAL,15
AVAR,AVAL,18
AVDL,AVAL,7
AVDR,AVAL,9
AVEL,AVAL,2
LUAL,AVAL,2
LUAR,AVAL,2
SABD,AVAL,7
SABVR,AVAL,8
RIMR,AVAL,11
DA1,AVAL,2
DA2,AVAL,7
DA3,AVAL,6
DA4,AVAL,2
DA5,AVAL,2
DA6,AVAL,4
DA7,AVAL,10
DA8,AVAL,8
DA9,AVAL,1
AS10,AVAL,5
VA1,AVAL,5
VA2,AVAL,13
VA3,AVAL,6
VA4,AVAL,6
VA5,AVAL,5
VA6,AVAL,13
VA7,AVAL,2
VA8,AVAL,2
VA9,AVAL,4
VA10,AVAL,6
VA11,AVAL,2
VB11,AVAL,2
ASHR,AVAR,2
PVDL,AVAR,4
URYDR,AVAR,5
PHBL,AVAR,1
PHCR,AVAR,1
AVJR,AVAR,3
PVT,AVAR,2
PVWR,AVAR,2
PVCL,AVAR,10
PVCR,AVAR,22
AVAL,AVAR,18
AVBL,AVAR,3
AVDL,AVAR,2
AVDR,AVAR,15
AVER,AVAR,2
LUAR,AVAR,4
SAAVR,AVAR,1
SABVL,AVAR,15
SABVR,AVAR,2
RIML,AVAR,8
RIMR,AVAR,2
RMDR,AVAR,2
RMDVR,AVAR,1
DA1,AVAR,9
DA2,AVAR,3
DA3,AVAR,7
DA4,AVAR,2
DA5,AVAR,5
DA6,AVAR,4
DA8,AVAR,5
DA9,AVAR,4
AS3,AVAR,1
AS5,AVAR,3
AS6,AVAR,2
AS10,AVAR,2
AS11,AVAR,3
VA1,AVAR,7
VA3,AVAR,3
VA4,AVAR,3
VA5,AVAR,4
VA7,AVAR,5
VA8,AVAR,2
VA9,AVAR,5
VA10,AVAR,4
VA11,AVAR,16
VA12,AVAR,3
VD11,AVAR,1
AQR,AVBL,3
RIBL,AVBL,6
RIBR,AVBL,2
SDQR,AVBL,1
SIBVL,AVBL,2
DVA,AVBL,11
PVNR,AVBL,5
RID,AVBL,2
AVAR,AVBL,3
AVBR,AVBL,17
DB2,AVBL,4
DB3,AVBL,9
DB4,AVBL,4
DB5,AVBL,3
DB6,AVBL,3
DB7,AVBL,13
AS6,AVBL,1
AS10,AVBL,1
VA11,AVBL,1
VB1,AVBL,1
VB2,AVBL,14
VB4,AVBL,3
VB5,AVBL,3
VB6,AVBL,3
VB7,AVBL,4
VB8,AVBL,3
VB9,AVBL,4
VB10,AVBL,3
VB11,AVBL,5
RIBL,AVBR,3
RIBR,AVBR,3
SIBDL,AVBR,2
AVJR,AVBR,3
DVA,AVBR,3
PVNL,AVBR,7
PVNR,AVBR,2
PVPR,AVBR,1
RID,AVBR,7
AVBL,AVBR,17
DB1,AVBR,15
DB2,AVBR,3
DB3,AVBR,2
DB4,AVBR,5
DB5,AVBR,4
DB6,AVBR,4
DB7,AVBR,3
AS5,AVBR,2
AS6,AVBR,1
VA11,AVBR,3
VB2,AVBR,6
VB3,AVBR,7
VB4,AVBR,5
VB5,AVBR,3
VB6,AVBR,4
VB7,AVBR,3
VB8,AVBR,4
VB9,AVBR,3
VB10,AVBR,4
VB11,AVBR,6
AVM,AVDL,8
FLPL,AVDL,5
FLPR,AVDL,9
PQR,AVDL,2
ADAR,AVDL,3
RIFL,AVDL,1
AVHL,AVDL,2
AVJR,AVDL,1
PVNR,AVDL,1
PVT,AVDL,1
AVAL,AVDL,7
AVAR,AVDL,2
AVDR,AVDL,6
VA10,AVDL,1
ADLL,AVDR,2
ALMR,AVDR,2
FLPR,AVDR,2
PQR,AVDR,3
ADAL,AVDR,2
SIADL,AVDR,1
AVJL,AVDR,6
PVNL,AVDR,1
PVNR,AVDR,1
PVWR,AVDR,1
PVCR,AVDR,2
AVAL,AVDR,9
AVAR,AVDR,15
AVDL,AVDR,6
AFDL,AVEL,1
BAGR,AVEL,1
RIS,AVEL,3
RMGL,AVEL,2
AVL,AVEL,1
PVPR,AVEL,1
AVAL,AVEL,2
AVER,AVEL,5
RIML,AVEL,10
RIMR,AVEL,7
RMDVR,AVEL,2
RMEV,AVEL,1
SMDVR,AVEL,1
AS1,AVEL,2
ASHR,AVER,1
ALA,AVER,3
RIFL,AVER,1
AVKR,AVER,1
AVAR,AVER,2
AVEL,AVER,5
RIML,AVER,9
RIMR,AVER,11
RMDDL,AVER,2
RMDR,AVER,5
RMDVL,AVER,1
RMDVR,AVER,7
RMEV,AVER,1
SMDDR,AVER,1
DA1,AVER,1
AS1,AVER,1
PLML,LUAL,8
AVHL,LUAL,1
AVJL,LUAL,5
PVNL,LUAL,3
PVQL,LUAL,1
PVR,LUAL,6
AVAL,LUAL,2
PLMR,LUAR,9
PHCR,LUAR,1
AVJL,LUAR,1
AVJR,LUAR,1
PVNR,LUAR,2
PVR,LUAR,9
PVT,LUAR,4
PVWL,LUAR,3
PVWR,LUAR,3
AVAL,LUAR,2
AVAR,LUAR,4
SDQR,SAADL,1
RMDVR,SAADL,1
RIVR,SAADL,1
SMBDL,SAADL,3
RMDDR,SAADR,1
RMFL,SAADR,1
RIVL,SAADR,2
SAAVR,SAAVL,1
SABD,SAAVL,3
RMDVL,SAAVL,3
SMBDR,SAAVL,2
SMBVR,SAAVL,17
SMDVL,SAAVL,8
RIAR,SAAVR,1
DVA,SAAVR,1
AVAR,SAAVR,1
SAAVL,SAAVR,1
RMDVR,SAAVR,9
RMFL,SAAVR,1
SMBDL,SAAVR,1
SMBVL,SAAVR,16
SMDDL,SAAVR,4
AVAL,SABD,7
SAAVL,SABD,3
VA2,SABD,12
VA3,SABD,2
AVAR,SABVL,15
AVAL,SABVR,8
AVAR,SABVR,2
DD1,SABVR,1
AIBR,RIML,2
AIYL,RIML,5
RIS,RIML,2
SIADL,RIML,1
AVAR,RIML,8
AVEL,RIML,10
AVER,RIML,9
RMDL,RIML,1
RMFL,RIML,3
AIBL,RIMR,1
AIYR,RIMR,3
RIS,RIMR,2
SIADR,RIMR,1
AVKR,RIMR,1
AVAL,RIMR,11
AVAR,RIMR,2
AVEL,RIMR,7
AVER,RIMR,11
IL1VL,RMDDL,1
OLQVL,RMDDL,3
RIAR,RMDDL,1
SIBDR,RMDDL,1
AVER,RMDDL,2
RMDL,RMDDL,1
RMDVL,RMDDL,2
SMDDL,RMDDL,3
ALML,RMDDR,2
RIAR,RMDDR,1
RMGL,RMDDR,1
SIADL,RMDDR,1
SAADR,RMDDR,1
RMDL,RMDDR,1
RMDVR,RMDDR,5
SMDDR,RMDDR,1
IL2L,RMDL,2
SIAVR,RMDL,1
SIBVL,RMDL,2
RIML,RMDL,1
RMDDL,RMDL,1
RMDDR,RMDL,1
RMDVL,RMDL,1
RMER,RMDL,1
SMDDL,RMDL,2
RIS,RMDR,1
AVAR,RMDR,2
AVER,RMDR,5
RMDVR,RMDR,1
OLQDL,RMDVL,1
OLQVR,RMDVL,2
AUAL,RMDVL,2
SIAVR,RMDVL,1
AVER,RMDVL,1
SAAVL,RMDVL,3
RMDDL,RMDVL,2
RMDL,RMDVL,1
AFDR,RMDVR,1
IL1DR,RMDVR,1
OLQDR,RMDVR,1
SIAVL,RMDVR,1
AVAR,RMDVR,1
AVEL,RMDVR,2
AVER,RMDVR,7
SAADL,RMDVR,1
SAAVR,RMDVR,9
RMDDR,RMDVR,5
RMDR,RMDVR,1
SMDVR,RMDVR,8
IL1VL,RMED,3
IL2DR,RMED,1
AIBL,RMED,2
RIPL,RMED,2
RIPR,RMED,4
RMEV,RMED,6
RIGL,RMEL,2
RMEV,RMEL,4
IL1L,RMER,1
IL2L,RMER,2
RMDL,RMER,1
RMEV,RMER,1
IL1DL,RMEV,1
IL1DR,RMEV,4
RIBL,RMEV,2
RIS,RMEV,1
PVT,RMEV,1
AVEL,RMEV,1
AVER,RMEV,1
RMED,RMEV,6
RMEL,RMEV,4
RMER,RMEV,1
SMDVL,RMEV,1
RIGL,RMFL,1
RIGR,RMFL,1
SAADR,RMFL,1
SAAVR,RMFL,1
RIML,RMFL,3
RMGL,RMHL,6
RMGR,RMHL,1
SIBVR,RMHL,3
SMDDL,RMHL,1
RICR,RMHR,1
RMGR,RMHR,4
ASGL,RIVL,2
ASJL,RIVL,1
SDQR,RIVL,5
SIBVR,RIVL,1
SAADR,RIVL,2
RIVR,RIVL,28
SMDVL,RIVL,2
AIBR,RIVR,3
SDQR,RIVR,3
SAADL,RIVR,1
RIVL,RIVR,28
SMDVR,RIVR,8
SIADL,SMBDL,2
SIBDR,SMBDL,4
SIBVL,SMBDL,1
SIBVR,SMBDL,1
AVKL,SMBDL,2
AVKR,SMBDL,1
SAADL,SMBDL,3
SAAVR,SMBDL,1
ALML,SMBDR,1
ALNL,SMBDR,3
RIBR,SMBDR,2
SIADR,SMBDR,3
AVKL,SMBDR,2
AVKR,SMBDR,9
SAAVL,SMBDR,2
SMBVR,SMBDR,2
SMDDR,SMBDR,1
SIBVL,SMBVL,2
AVKL,SMBVL,6
SAAVR,SMBVL,16
ADFR,SMBVR,1
AIMR,SMBVR,1
RMGR,SMBVR,3
URBR,SMBVR,1
AVKL,SMBVR,2
AVKR,SMBVR,6
SAAVL,SMBVR,17
SMBDR,SMBVR,2
ALNR,SMDDL,1
AIBR,SMDDL,2
RIAR,SMDDL,1
RIBL,SMDDL,3
RIBR,SMDDL,4
RIS,SMDDL,2
SIBVL,SMDDL,3
SAAVR,SMDDL,4
RMDDL,SMDDL,3
RMDL,SMDDL,2
RMHL,SMDDL,1
ALNL,SMDDR,2
AIBL,SMDDR,1
RIBR,SMDDR,2
RIS,SMDDR,5
SIADR,SMDDR,1
AVER,SMDDR,1
RMDDR,SMDDR,1
SMBDR,SMDDR,1
SMDVL,SMDDR,1
VD1,SMDDR,5
ALNL,SMDVL,1
RIAL,SMDVL,4
RIS,SMDVL,2
SIBVL,SMDVL,1
SAAVL,SMDVL,8
RMEV,SMDVL,1
RIVL,SMDVL,2
SMDDR,SMDVL,1
ADFR,SMDVR,2
RIAR,SMDVR,1
AVEL,SMDVR,1
RMDVR,SMDVR,8
RIVR,SMDVR,8
IL2DL,URADL,1
IL2DR,URADR,1
URYDR,URADR,1
IL2L,URAVL,1
IL2VL,URAVL,3
CEPVL,URAVL,3
RIPL,URAVL,1
PVT,URAVL,1
IL1VR,URAVR,4
FLPR,DA1,5
AVAL,DA1,2
AVAR,DA1,9
AVER,DA1,1
DA2,DA1,1
FLPR,DA2,6
AVAL,DA2,7
AVAR,DA2,3
DA1,DA2,1
DA5,DA2,1
AS2,DA2,2
AS4,DA2,1
VA1,DA2,9
VA6,DA2,3
FLPR,DA3,16
AVAL,DA3,6
AVAR,DA3,7
DA4,DA3,1
DA5,DA3,1
AS4,DA3,4
VA2,DA3,1
VA6,DA3,1
PVCL,DA4,1
AVAL,DA4,2
AVAR,DA4,2
DA3,DA4,1
VA3,DA4,1
AVAL,DA5,2
AVAR,DA5,5
DA2,DA5,1
DA3,DA5,1
AS6,DA5,5
AVAL,DA6,4
AVAR,DA6,4
PVQR,DA7,1
PVCL,DA7,1
PVCR,DA7,3
AVAL,DA7,10
DA8,DA7,1
AS10,DA7,1
VD11,DA7,2
PHCL,DA8,2
AVHR,DA8,5
DVB,DA8,5
PVWL,DA8,1
PVCL,DA8,17
PVCR,DA8,1
AVAL,DA8,8
AVAR,DA8,5
DA7,DA8,1
DA9,DA8,15
PDA,DA8,1
AS11,DA8,1
DD6,DA8,2
VA10,DA8,2
VA12,DA8,6
PHCR,DA9,7
AVL,DA9,4
DVA,DA9,3
PVR,DA9,15
PVCR,DA9,3
AVAL,DA9,1
AVAR,DA9,4
DA8,DA9,15
PDA,DA9,9
AS10,DA9,1
VA10,DA9,1
VA11,DA9,3
VA12,DA9,1
VB11,DA9,1
VD13,DA9,2
AVL,PDA,3
DVA,PDA,1
PVCR,PDA,1
DA8,PDA,1
DA9,PDA,9
PDB,PDA,5
DD6,PDA,1
DVA,DB1,3
RID,DB1,2
AVBR,DB1,15
DB2,DB1,5
VB3,DB1,5
AVBL,DB2,4
AVBR,DB2,3
DB1,DB2,5
DB3,DB2,14
VB4,DB2,1
PVM,DB3,2
RID,DB3,1
AVBL,DB3,9
AVBR,DB3,2
DB2,DB3,14
DB4,DB3,1
DD3,DB3,1
VB6,DB3,1
AVBL,DB4,4
AVBR,DB4,5
DB3,DB4,1
DB5,DB4,5
DD3,DB4,1
AVBL,DB5,3
AVBR,DB5,4
DB4,DB5,5
DB6,DB5,5
DVA,DB6,2
AVBL,DB6,4
AVBR,DB6,3
DB5,DB6,5
DB7,DB6,5
AVHL,DB7,3
DVA,DB7,3
PVR,DB7,4
PVCL,DB7,8
PVCR,DB7,2
AVBL,DB7,13
AVBR,DB7,3
DB6,DB7,5
AS10,DB7,1
PDB,DB7,2
VA10,DB7,1
FLPR,AS1,1
AVEL,AS1,2
AVER,AS1,1
VA3,AS1,3
VA6,AS1,3
VD2,AS1,23
DA2,AS2,2
VA3,AS2,2
VA4,AS2,9
AVAR,AS3,1
DA2,AS4,1
DA3,AS4,4
AVAR,AS5,3
AVBR,AS5,2
AVAR,AS6,2
AVBL,AS6,1
AVBR,AS6,1
DA5,AS6,5
AVHL,AS10,1
AVKL,AS10,1
AVAL,AS10,5
AVAR,AS10,2
AVBL,AS10,1
DA7,AS10,1
DA9,AS10,1
DB7,AS10,1
VA12,AS10,3
AVFL,AS11,2
AVG,AS11,1
AVHL,AS11,3
AVHR,AS11,17
AVKL,AS11,1
DVA,AS11,1
DVB,AS11,4
PVPL,AS11,6
AVAR,AS11,3
DA8,AS11,1
PDB,AS11,4
VA11,AS11,1
VB11,AS11,1
AVJL,PDB,2
PVPL,PDB,1
PVR,PDB,13
PDA,PDB,5
DB7,PDB,2
AS11,PDB,4
VD13,PDB,4
FLPL,DD1,1
RIFR,DD1,2
SABVR,DD1,1
DD2,DD1,6
VD2,DD1,3
VD3,DD1,4
VC1,DD1,1
DD1,DD2,6
DD3,DD2,2
VD3,DD2,1
VD4,DD2,2
VD5,DD2,1
DB3,DD3,1
DB4,DD3,1
DD2,DD3,2
DD4,DD3,3
DD3,DD4,3
DD5,DD4,3
DVB,DD5,1
DD4,DD5,3
DD6,DD5,3
AVG,DD6,1
AVHR,DD6,1
AVL,DD6,28
DVB,DD6,3
DVC,DD6,1
PVNL,DD6,1
PVPL,DD6,2
PVPR,DD6,9
PVT,DD6,3
DA8,DD6,2
PDA,DD6,1
DD5,DD6,3
VA12,DD6,7
VD11,DD6,3
VD12,DD6,14
VD13,DD6,2
AVAL,VA1,5
AVAR,VA1,7
DA2,VA1,9
PLNL,VA2,2
AVAL,VA2,13
SABD,VA2,12
DA3,VA2,1
VA6,VA2,1
VD2,VA2,1
AVAL,VA3,6
AVAR,VA3,3
SABD,VA3,2
DA4,VA3,1
AS1,VA3,3
AS2,VA3,2
VD3,VA3,1
AVAL,VA4,6
AVAR,VA4,3
AS2,VA4,9
VA7,VA4,1
VB3,VA4,1
AVAL,VA5,4
AVAR,VA5,5
AVAL,VA6,13
DA2,VA6,3
DA3,VA6,1
AS1,VA6,3
VA2,VA6,1
AVAL,VA7,2
AVAR,VA7,5
VA4,VA7,1
AVAL,VA8,2
AVAR,VA8,2
AVAL,VA9,5
AVAR,VA9,4
PVDL,VA10,1
AVAL,VA10,6
AVAR,VA10,4
AVDL,VA10,1
DA8,VA10,2
DA9,VA10,1
DB7,VA10,1
AVFL,VA11,1
AVHR,VA11,1
AVJR,VA11,2
DVA,VA11,1
PVPL,VA11,6
PVCR,VA11,3
AVAL,VA11,2
AVAR,VA11,16
AVBL,VA11,1
AVBR,VA11,3
DA9,VA11,3
AS11,VA11,1
VA12,VA11,1
VB10,VA11,3
PHCL,VA12,1
PVPL,VA12,1
PVCL,VA12,18
PVCR,VA12,8
AVAR,VA12,3
DA8,VA12,6
DA9,VA12,1
AS10,VA12,3
DD6,VA12,7
VA11,VA12,1
VB11,VA12,7
VD12,VA12,8
VD13,VA12,6
AVFR,VB1,1
AVBL,VB1,1
VB2,VB1,2
AVBL,VB2,14
AVBR,VB2,6
VB1,VB2,2
VB3,VB2,10
VB4,VB2,1
AVBR,VB3,7
DB1,VB3,5
VA4,VB3,1
VB2,VB3,10
VB4,VB3,1
AVBL,VB4,3
AVBR,VB4,5
DB2,VB4,1
VB2,VB4,1
VB3,VB4,1
VB5,VB4,1
AVBL,VB5,3
AVBR,VB5,3
VB4,VB5,1
VB6,VB5,5
AVBL,VB6,3
AVBR,VB6,4
DB3,VB6,1
VB5,VB6,5
VB7,VB6,5
AVBL,VB7,4
AVBR,VB7,3
VB6,VB7,5
VB8,VB7,5
AVBL,VB8,4
AVBR,VB8,3
VB7,VB8,5
VB9,VB8,5
PDER,VB9,7
AVBL,VB9,3
AVBR,VB9,4
VB8,VB9,5
VB10,VB9,5
PDEL,VB10,1
PDER,VB10,4
AVKL,VB10,1
PVCL,VB10,2
PVCR,VB10,1
AVBL,VB10,4
AVBR,VB10,3
VA11,VB10,3
VB9,VB10,5
VB11,VB10,4
VD11,VB10,1
VD12,VB10,1
PDEL,VB11,4
PVCL,VB11,4
PVCR,VB11,2
AVAL,VB11,2
AVBL,VB11,5
AVBR,VB11,6
DA9,VB11,1
AS11,VB11,1
VA12,VB11,7
VB10,VB11,4
RIGL,VD1,3
RIGR,VD1,2
DVC,VD1,2
SMDDR,VD1,5
VD2,VD1,4
VC2,VD1,1
AS1,VD2,23
DD1,VD2,3
VA2,VD2,1
VD1,VD2,4
VD2,VD2,3
VD3,VD2,7
DD1,VD3,4
DD2,VD3,1
VA3,VD3,1
VD2,VD3,7
VD4,VD3,6
DD2,VD4,2
VD3,VD4,6
VD5,VD4,1
DD2,VD5,1
VD4,VD5,1
VD6,VD5,10
PDEL,VD6,2
VD5,VD6,10
VD7,VD6,15
VD6,VD7,15
VD8,VD7,6
VD7,VD8,6
VD9,VD8,6
PVM,VD9,1
PVDR,VD9,1
PDER,VD9,5
VD8,VD9,6
VD10,VD9,6
VD9,VD10,6
VD11,VD10,6
AVL,VD11,1
DVB,VD11,2
DVC,VD11,1
PVPL,VD11,1
PVT,VD11,3
AVAR,VD11,1
DA7,VD11,2
DD6,VD11,3
VB10,VD11,1
VD10,VD11,6
VD12,VD11,6
AVFL,VD12,3
AVHL,VD12,8
AVHR,VD12,13
AVL,VD12,2
PVNL,VD12,1
PVPR,VD12,35
PVT,VD12,4
PVWL,VD12,6
PVCR,VD12,1
DD6,VD12,14
VA12,VD12,8
VB10,VD12,1
VD11,VD12,6
VD13,VD12,6
VC6,VD12,1
AVL,VD13,5
DVB,VD13,5
DVC,VD13,1
PVNR,VD13,1
PVPL,VD13,11
PVR,VD13,1
PVT,VD13,17
PVWL,VD13,1
PVWR,VD13,2
PVCL,VD13,1
DA9,VD13,2
PDB,VD13,4
DD6,VD13,2
VA12,VD13,6
VD12,VD13,6
ASKL,HSNL,1
RIFL,HSNL,1
PVPL,HSNL,1
HSNR,HSNL,1
ASKR,HSNR,3
ALA,HSNR,1
BDUR,HSNR,1
PVNR,HSNR,2
PVPR,HSNR,1
HSNL,HSNR,1
PVPR,VC1,1
DD1,VC1,1
VC2,VC1,12
VC3,VC1,7
VD1,VC2,1
VC1,VC2,12
VC2,VC2,1
VC3,VC2,3
PVT,VC3,1
VC1,VC3,7
VC2,VC3,3
VC4,VC3,4
VC3,VC4,4
VC5,VC4,4
AVFL,VC5,1
VC4,VC5,4
VC6,VC5,4
AVL,VC6,2
DVC,VC6,1
PVNR,VC6,1
PVPR,VC6,1
PVT,VC6,2
VD12,VC6,1
VC5,VC6,4
