I3,I1L,1
I3,I1R,1
M1,I2L,1
M1,I2R,1
M1,I3,1
I2L,I4,1
I2R,I4,1
I5,I4,1
M1,I4,1
I1L,I5,1
I1R,I5,1
M1,I5,1
M5,I5,1
MI,I5,1
I2L,I6,1
I2R,I6,1
I3,I6,1
NSML,I6,1
NSMR,I6,1
I1L,M1,1
I1R,M1,1
I2L,M1,1
I2R,M1,1
I3,M1,1
I4,M1,1
I5,M1,1
M4,M1,1
M5,M1,1
MI,M1,1
I1L,M2L,1
I1R,M2L,1
I3,M2L,1
MI,M2L,1
I1L,M2R,1
I1R,M2R,1
I3,M2R,1
MI,M2R,1
I1L,M3L,1
I1R,M3L,1
I3,M3L,1
I4,M3L,1
I5,M3L,1
I6,M3L,1
M1,M3L,1
MI,M3L,1
NSML,M3L,1
NSMR,M3L,1
I1L,M3R,1
I1R,M3R,1
I3,M3R,1
I4,M3R,1
I5,M3R,1
I6,M3R,1
M1,M3R,1
MI,M3R,1
NSML,M3R,1
NSMR,M3R,1
I3,M4,1
I5,M4,1
I6,M4,1
NSML,M4,1
NSMR,M4,1
I5,M5,1
M1,M5,1
I1L,MCL,1
I1R,MCL,1
I2L,MCL,1
I2R,MCL,1
I3,MCL,1
M1,MCL,1
I1L,MCR,1
I1R,MCR,1
I3,MCR,1
M1,MCR,1
I1L,NSML,1
I1R,NSML,1
I2L,NSML,1
I2R,NSML,1
I3,NSML,1
I4,NSML,1
I5,NSML,1
I6,NSML,1
I1L,NSMR,1
I1R,NSMR,1
I2L,NSMR,1
I2R,NSMR,1
I3,NSMR,1
I4,NSMR,1
I5,NSMR,1
I6,NSMR,1
ASHL,ADFL,3
AWBL,ADFL,9
ASEL,ADFR,1
ASHR,ADFR,2
AWAR,ADFR,3
AWBR,ADFR,4
AIYR,ADFR,1
RIH,ADFR,1
AVHL,ADFR,3
PVPR,ADFR,1
CEPVL,ADLL,1
SDQR,ADLL,1
AVHR,ADLL,1
AIAR,ADLR,2
AVHR,ADLR,2
ASIR,ASEL,2
AWAL,ASEL,4
AWAR,ASEL,1
AWCL,ASEL,1
AWCR,ASEL,1
AIZL,ASEL,1
AINL,ASEL,3
AINR,ASEL,1
ADLL,ASER,3
ADLR,ASER,1
ASIL,ASER,1
AWAR,ASER,2
AFDR,ASER,1
AIAL,ASER,3
AIAR,ASER,1
AIBL,ASER,1
AINR,ASER,2
PVQR,ASER,1
AWAL,ASGL,1
AIAL,ASGL,1
AIML,ASGL,2
AWBR,ASGR,1
AWCR,ASGR,1
CEPVR,ASGR,1
AIAR,ASGR,2
AIMR,ASGR,2
AINL,ASGR,1
ADLL,ASHL,2
URXL,ASHL,1
AIAL,ASHL,1
RMGL,ASHL,1
HSNL,ASHL,1
HSNR,ASHL,2
ADFR,ASHR,1
ADLR,ASHR,3
ASIR,ASHR,1
AWBR,ASHR,2
RIFR,ASHR,2
RMGR,ASHR,1
PVPR,ASHR,1
HSNL,ASHR,2
AVFR,ASJL,1
PVQL,ASJL,1
AIMR,ASJR,2
HSNL,ASJR,1
ASGL,ASKL,1
ASHL,ASKL,1
ASIL,ASKL,2
ASJL,ASKL,4
AIAL,ASKL,3
AIML,ASKL,2
AVFR,ASKL,1
PVQL,ASKL,4
HSNL,ASKL,1
ASJR,ASKR,4
AIMR,ASKR,3
PVQR,ASKR,4
AIYL,AWAL,3
ASER,AWAR,1
ASKR,AWAR,1
AIAR,AWAR,1
AIYR,AWAR,1
PVQR,AWAR,2
ADLL,AWBL,2
AWAL,AWBL,1
HSNL,AWBL,2
HSNR,AWBL,1
ADFR,AWBR,1
AWAR,AWBR,1
RIR,AWBR,1
AVHL,AWBR,1
HSNL,AWBR,2
ASEL,AWCL,4
ASER,AWCL,1
ASIL,AWCL,2
ASIR,AWCL,1
AWCR,AWCL,5
AIAR,AWCL,1
AIYL,AWCL,1
ADLR,AWCR,3
ASEL,AWCR,1
ASER,AWCR,1
ASIL,AWCR,2
ASIR,AWCR,2
AWCL,AWCR,1
AIAL,AWCR,1
AIAR,AWCR,3
AIYL,AWCR,1
ASER,AFDL,2
AWAL,AFDL,5
AINR,AFDL,4
ASER,AFDR,2
AWAR,AFDR,7
AINL,AFDR,5
AINR,AFDR,1
RIR,AFDR,1
IL1L,IL1DL,1
IL2DL,IL1DL,7
CEPDL,IL1DL,4
PVR,IL1DL,1
URADL,IL1DL,2
IL1R,IL1DR,1
IL2DR,IL1DR,7
OLLR,IL1DR,2
CEPDR,IL1DR,5
PVR,IL1DR,1
URADR,IL1DR,1
IL1VL,IL1L,1
IL2L,IL1L,1
ADEL,IL1L,1
URBL,IL1L,1
IL1VR,IL1R,1
IL2R,IL1R,1
CEPDR,IL1R,1
RIAR,IL1R,1
URBR,IL1R,3
URAVR,IL1R,1
IL2VL,IL1VL,7
OLQVL,IL1VL,2
OLLL,IL1VL,2
CEPVL,IL1VL,2
URYVL,IL1VL,1
PVR,IL1VL,1
IL2VR,IL1VR,6
OLQVR,IL1VR,1
OLLR,IL1VR,1
CEPVR,IL1VR,2
URYVR,IL1VR,1
PVR,IL1VR,1
IL2VL,IL2L,1
ADEL,IL2L,2
RIH,IL2L,2
OLLR,IL2R,1
RIH,IL2R,1
URBR,IL2R,1
OLQVL,IL2VL,1
IL1VR,IL2VR,1
CEPVR,IL2VR,2
IL2DL,OLQDL,2
IL2L,OLQDL,5
CEPDL,OLQDL,6
RIPL,OLQDL,1
RIPR,OLQDL,1
RIH,OLQDL,4
IL2R,OLQDR,2
CEPDR,OLQDR,5
AIMR,OLQDR,1
RIPL,OLQDR,1
RIPR,OLQDR,1
RIH,OLQDR,2
ADFL,OLQVL,1
ADLL,OLQVL,1
IL2L,OLQVL,8
IL2VL,OLQVL,1
CEPVL,OLQVL,6
RIH,OLQVL,1
IL2R,OLQVR,7
IL2VR,OLQVR,2
CEPVR,OLQVR,3
URXR,OLQVR,1
RIH,OLQVR,6
CEPDL,OLLL,2
CEPVL,OLLL,4
ADEL,OLLL,2
SAADR,OLLL,1
ADLR,OLLR,1
IL2R,OLLR,2
CEPDR,OLLR,8
CEPVR,OLLR,7
ADER,OLLR,2
RIS,OLLR,1
SAAVL,OLLR,1
RMDL,OLLR,2
VC5,OLLR,1
OLLL,CEPDL,3
ALML,CEPDL,3
ADEL,CEPDL,1
RIH,CEPDL,1
RMGL,CEPDL,1
URBL,CEPDL,1
IL2DR,CEPDR,1
OLLR,CEPDR,2
ALMR,CEPDR,1
ADER,CEPDR,1
RIH,CEPDR,1
RIS,CEPDR,1
URBR,CEPDR,1
OLLL,CEPVL,4
ALML,CEPVL,2
RIAL,CEPVL,1
RIH,CEPVL,1
RIS,CEPVL,2
ASKR,CEPVR,1
OLLR,CEPVR,6
ALMR,CEPVR,1
RIAR,CEPVR,1
RIH,CEPVR,2
RIS,CEPVR,1
AIML,ALML,1
RIFL,ALML,2
RMGL,ALML,1
SDQL,ALML,1
BDUR,ALMR,1
PVM,AVM,1
AVKL,AVM,1
PDEL,PVM,2
AVKL,PVM,1
AVJL,PLMR,2
RIGL,ALNL,1
RMGL,ALNL,1
SAAVL,ALNL,1
RIGR,ALNR,1
RMGR,ALNR,1
SMBVL,PLNL,1
FLPR,FLPL,2
ADEL,FLPL,2
ADER,FLPL,1
AIBL,FLPL,1
SDQL,FLPL,1
PVCR,FLPL,1
FLPL,FLPR,1
ADER,FLPR,1
ADAL,FLPR,1
PVDR,PVDL,1
PVCR,PVDL,1
AQR,BAGL,2
AINL,BAGL,3
RIBR,BAGL,2
IL2VL,BAGR,1
BAGL,BAGR,1
AQR,BAGR,2
AINR,BAGR,3
RIBL,BAGR,1
RIGL,BAGR,1
RIH,BAGR,1
RIR,BAGR,1
IL2L,URXL,2
AQR,URXL,1
RIR,URXL,5
RMGL,URXL,1
URBL,URXL,4
ADFR,URXR,1
IL1R,URXR,2
IL2VR,URXR,1
AUAR,URXR,1
RIR,URXR,2
RMGR,URXR,1
URBR,URXR,6
IL1DL,URYDL,1
OLLL,URYDL,1
CEPDL,URYDL,2
RMDDR,URYDL,1
CEPDR,URYDR,1
URADR,URYDR,1
IL1VL,URYVL,1
RIH,URYVR,1
RIS,URYVR,1
AVHR,AQR,2
DVA,AQR,4
PVPL,AQR,1
PVPR,AQR,2
PVCR,AQR,1
PVNL,PQR,1
PVNR,PQR,2
AVDR,PQR,1
LUAR,PQR,1
ADFL,AUAL,5
IL2DL,AUAL,1
URXL,AUAL,5
RIBL,AUAL,1
RIR,AUAL,1
DVA,AUAL,1
ADFR,AUAR,4
AWAR,AUAR,1
URXR,AUAR,4
AINL,AUAR,1
AINR,AUAR,1
RIH,AUAR,1
DVA,AUAR,1
IL2L,ADEL,2
FLPL,ADEL,2
ADER,ADEL,2
ALA,ADEL,1
BDUL,ADEL,3
IL2R,ADER,2
AVM,ADER,2
ALNR,ADER,1
FLPL,ADER,2
FLPR,ADER,2
ADEL,ADER,1
BDUR,ADER,1
AVAR,ADER,1
PVM,PDEL,7
PLMR,PDEL,2
AVKL,PDEL,3
DVA,PDEL,3
PVR,PDEL,1
PVCR,PDEL,1
AVAR,PDEL,1
PVM,PDER,8
PLMR,PDER,3
PDEL,PDER,1
AVFL,PDER,1
AVKL,PDER,1
PVR,PDER,1
AVAR,PDER,1
PHAR,PHAL,6
AVG,PHAL,2
PHAL,PHAR,5
PHAL,PHBL,5
PHAR,PHBL,1
PHBR,PHBL,1
LUAL,PHBL,1
PHAL,PHBR,5
PHAR,PHBR,5
PHBL,PHBR,1
PHCR,PHCL,1
DVB,PHCL,1
ADLL,AIAL,6
ASEL,AIAL,3
ASER,AIAL,2
ASGL,AIAL,9
ASHL,AIAL,7
ASIR,AIAL,1
ASKL,AIAL,11
AWCL,AIAL,2
AIZL,AIAL,3
AIML,AIAL,5
AINR,AIAL,2
PVQL,AIAL,6
HSNL,AIAL,1
ADLR,AIAR,10
ASER,AIAR,3
ASGR,AIAR,10
ASHR,AIAR,10
ASIR,AIAR,3
ASKR,AIAR,11
AWCL,AIAR,4
AWCR,AIAR,2
AIZR,AIAR,1
AIMR,AIAR,5
PVQR,AIAR,7
ADLL,AIBL,7
ASEL,AIBL,7
ASER,AIBL,2
ASGL,AIBL,3
ASHL,AIBL,5
ASIL,AIBL,1
ASKL,AIBL,2
AWCL,AIBL,2
FLPL,AIBL,2
BAGL,AIBL,1
AIAL,AIBL,10
AIZL,AIBL,4
AIZR,AIBL,8
ADAL,AIBL,1
ADAR,AIBL,1
AINR,AIBL,2
RIBR,AIBL,2
SDQR,AIBL,2
DVC,AIBL,1
PVT,AIBL,2
SAADL,AIBL,1
SAAVL,AIBL,1
RIMR,AIBL,4
HSNR,AIBL,1
ADLL,AIBR,1
ADLR,AIBR,10
ASEL,AIBR,4
ASER,AIBR,10
ASGR,AIBR,2
ASHR,AIBR,3
ASIR,AIBR,1
AWBL,AIBR,1
AWCL,AIBR,1
AWCR,AIBR,4
FLPL,AIBR,2
FLPR,AIBR,1
AIAR,AIBR,14
AIZL,AIBR,8
AIZR,AIBR,1
ADAL,AIBR,2
ADAR,AIBR,1
RIBL,AIBR,2
RMGL,AIBR,1
SDQL,AIBR,1
DVC,AIBR,3
PVT,AIBR,4
SAADR,AIBR,1
VB1,AIBR,1
HSNR,AIBR,1
ASEL,AIYL,13
ASER,AIYL,4
ASIL,AIYL,2
AWAL,AIYL,1
AWCL,AIYL,10
AWCR,AIYL,4
AFDL,AIYL,7
BAGR,AIYL,1
AIBL,AIYL,1
ADFR,AIYR,1
ASEL,AIYR,6
ASER,AIYR,14
ASGR,AIYR,1
AWAR,AIYR,2
AWCR,AIYR,9
AFDR,AIYR,13
AUAR,AIYR,1
ADFL,AIZL,12
ASIL,AIZL,1
AWAL,AIZL,10
AWBL,AIZL,9
AIAL,AIZL,1
AIYL,AIZL,13
RIH,AIZL,4
RIR,AIZL,6
DVA,AIZL,3
HSNL,AIZL,2
HSNR,AIZL,1
ADFR,AIZR,8
AWAR,AIZR,7
AWBR,AIZR,4
AIAR,AIZR,1
AIYR,AIZR,8
RIBR,AIZR,1
RIGL,AIZR,1
RIH,AIZR,4
RIR,AIZR,5
HSNL,AIZR,1
HSNR,AIZR,1
ADFL,ADAL,1
ASHL,ADAL,1
AWAL,ADAL,1
ADEL,ADAL,1
AIAL,ADAL,1
RMGL,ADAL,1
PVPL,ADAL,1
PVR,ADAL,1
ADFR,ADAR,1
ASHR,ADAR,2
ADER,ADAR,1
AIAR,ADAR,1
RICL,ADAR,1
RICR,ADAR,1
RMGR,ADAR,1
URBR,ADAR,1
RIMR,ADAR,1
ASKL,AIML,2
AIAL,AIML,2
ASKR,AIMR,1
RMGR,AIMR,1
ASGL,AINR,1
AFDL,AINR,1
ADLL,ALA,2
ADER,ALA,1
ALML,BDUL,6
AVM,BDUL,3
ADEL,BDUL,1
AVKR,BDUL,1
PVNL,BDUL,2
PVNR,BDUL,1
CEPDR,BDUR,1
ALMR,BDUR,5
AVM,BDUR,4
PVNL,BDUR,2
PVNR,BDUR,4
HSNR,BDUR,1
ADLL,RIPL,1
ASHL,RIPL,1
IL1DL,RIPL,2
IL1VL,RIPL,4
IL2DL,RIPL,10
IL2VL,RIPL,11
OLQVL,RIPL,1
CEPDL,RIPL,2
CEPVL,RIPL,1
ADAL,RIPL,1
RIH,RIPL,5
PVR,RIPL,3
URADL,RIPL,3
URAVL,RIPL,3
IL1DR,RIPR,5
IL1VR,RIPR,6
IL2DR,RIPR,11
IL2VR,RIPR,15
OLQVR,RIPR,2
CEPVR,RIPR,1
URXR,RIPR,3
ADAR,RIPR,1
RIFR,RIPR,1
RIH,RIPR,6
PVR,RIPR,3
URADR,RIPR,3
URAVR,RIPR,3
ADFL,RIAL,15
ASHL,RIAL,4
AWBL,RIAL,3
AWCL,RIAL,3
IL2VL,RIAL,1
BAGR,RIAL,5
URXL,RIAL,8
URYVL,RIAL,1
AQR,RIAL,3
AUAL,RIAL,5
ADEL,RIAL,1
AIBR,RIAL,1
AIYL,RIAL,7
AIZL,RIAL,8
RIAR,RIAL,4
RIBL,RIAL,3
RIH,RIAL,11
RIR,RIAL,5
DVA,RIAL,1
RMDL,RIAL,4
RMDR,RIAL,3
RIVL,RIAL,1
RIVR,RIAL,2
SMDDL,RIAL,1
SMDDR,RIAL,2
SMDVL,RIAL,3
SMDVR,RIAL,7
ADFR,RIAR,16
ASEL,RIAR,1
ASHR,RIAR,2
AWBR,RIAR,1
IL2VR,RIAR,2
BAGL,RIAR,5
URXR,RIAR,3
URYVR,RIAR,1
AQR,RIAR,2
AUAR,RIAR,6
AIYR,RIAR,6
AIZR,RIAR,7
RIAL,RIAR,1
RIBR,RIAR,2
RIH,RIAR,8
RIR,RIAR,1
DVA,RIAR,2
PVPR,RIAR,2
RMDL,RIAR,3
RMDR,RIAR,7
RIVL,RIAR,1
RIVR,RIAR,2
SMDDL,RIAR,2
SMDDR,RIAR,1
SMDVL,RIAR,8
SMDVR,RIAR,5
ASIL,RIBL,1
IL2DL,RIBL,1
OLLL,RIBL,8
CEPDL,RIBL,2
BAGL,RIBL,1
BAGR,RIBL,4
URYDL,RIBL,1
URYVL,RIBL,2
AUAL,RIBL,9
AIBR,RIBL,4
AIYL,RIBL,4
AINL,RIBL,1
AINR,RIBL,2
RIGL,RIBL,1
RIH,RIBL,5
RIS,RIBL,3
DVC,RIBL,1
RIML,RIBL,1
RMED,RIBL,1
OLLR,RIBR,10
CEPDR,RIBR,1
BAGL,RIBR,7
URYDR,RIBR,1
URYVR,RIBR,1
AUAR,RIBR,13
AIBL,RIBR,4
AIYR,RIBR,2
AINL,RIBR,2
RIGR,RIBR,1
RIH,RIBR,4
RIS,RIBR,5
DVC,RIBR,1
RIMR,RIBR,1
RMED,RIBR,1
ADLR,RICL,1
IL2L,RICL,1
OLQDR,RICL,1
OLQVL,RICL,1
CEPDL,RICL,2
CEPDR,RICL,4
CEPVL,RICL,7
CEPVR,RICL,2
URXL,RICL,1
ADAL,RICL,2
ADAR,RICL,1
ADLR,RICR,1
IL2DR,RICR,1
OLQDL,RICR,1
OLQDR,RICR,1
OLQVR,RICR,1
CEPDL,RICR,4
CEPDR,RICR,3
CEPVL,RICR,4
CEPVR,RICR,4
ADAL,RICR,1
SDQL,RICR,1
SDQR,RICR,1
URBL,RICR,1
URBR,RICR,1
ADEL,RIFL,1
AIAL,RIFL,1
AIBL,RIFL,1
AIML,RIFL,1
PVNL,RIFL,1
HSNL,RIFL,3
ASKR,RIFR,1
AWAR,RIFR,2
AIAR,RIFR,2
AIMR,RIFR,1
AVJL,RIFR,1
PVQR,RIFR,1
HSNR,RIFR,4
ADFL,RIGL,1
BAGL,RIGL,1
BAGR,RIGL,5
URXL,RIGL,3
ADEL,RIGL,5
ADER,RIGL,7
AIZL,RIGL,1
RIR,RIGL,1
AVHR,RIGL,1
DVC,RIGL,5
PVPL,RIGL,2
PVT,RIGL,2
AVAR,RIGL,1
ADFR,RIGR,3
AWAR,RIGR,1
BAGL,RIGR,4
URXR,RIGR,2
ADEL,RIGR,6
ADER,RIGR,4
AIBL,RIGR,1
RIBR,RIGR,1
DVC,RIGR,5
PVPR,RIGR,1
PVT,RIGR,3
RMFL,RIGR,1
IL1DL,RIH,1
IL2L,RIH,7
IL2R,RIH,6
IL2VL,RIH,2
IL2VR,RIH,3
OLQVL,RIH,1
OLQVR,RIH,2
URYVL,RIH,1
ADEL,RIH,2
ADER,RIH,1
RIBR,RIH,1
PVT,RIH,1
ADFL,RIR,2
ADFR,RIR,3
AWAR,RIR,2
AWBR,RIR,2
RIGL,RIR,2
RIGR,RIR,1
RMGR,RIR,1
AVHL,RIR,3
AVHR,RIR,4
DVA,RIR,3
CEPDL,RIS,1
CEPDR,RIS,1
URYVL,RIS,1
SDQL,RIS,3
AVJL,RIS,1
PVCL,RIS,2
RIMR,RIS,1
RMDR,RIS,1
CEPDL,RMGL,4
ALML,RMGL,1
URXL,RMGL,2
ADEL,RMGL,1
AIAL,RMGL,1
PVQL,RMGL,1
SAADR,RMGL,1
RMHR,RMGL,1
ASHR,RMGR,2
CEPDR,RMGR,1
URXR,RMGR,1
AIMR,RMGR,2
PVPR,RMGR,1
SAADL,RMGR,1
RMFL,RMGR,1
HSNR,RMGR,1
ALML,SDQL,1
BDUR,SDQL,1
CEPDR,SIADL,1
ALMR,SIADL,1
RIAL,SIADL,2
RIAR,SIADL,1
CEPDL,SIADR,2
ADEL,SIADR,1
RIAR,SIADR,1
CEPVL,SIAVL,2
RIAR,SIAVL,1
RMGL,SIAVL,1
URBL,SIAVL,1
RIVR,SIAVL,2
CEPVR,SIAVR,2
URXR,SIAVR,1
URBR,SIAVR,2
AVKL,SIAVR,1
RIVL,SIAVR,2
OLQVL,SIBDL,3
OLQVR,SIBDR,4
URYVR,SIBDR,1
ADEL,SIBDR,1
RMDVR,SIBDR,1
OLQDL,SIBVL,3
AVM,SIBVL,1
URYVR,SIBVL,1
RMGL,SIBVL,2
PVCL,SIBVL,2
OLQDR,SIBVR,2
URYVL,SIBVR,1
RMGL,SIBVR,1
PVCR,SIBVR,2
RMDVR,SIBVR,1
CEPDL,URBL,4
ADEL,URBL,1
VC5,URBL,3
IL2R,URBR,1
CEPDR,URBR,2
PHAL,AVFL,3
PHBR,AVFL,1
AIML,AVFL,4
AIMR,AVFL,2
RIFR,AVFL,1
AVFR,AVFL,1
AVG,AVFL,1
AVHL,AVFL,1
AVHR,AVFL,2
HSNL,AVFL,6
HSNR,AVFL,2
VC5,AVFL,1
AIML,AVFR,1
AIMR,AVFR,2
AVFL,AVFR,7
AVHL,AVFR,3
AVHR,AVFR,1
AVJL,AVFR,1
AVL,AVFR,1
PVNL,AVFR,1
PVQR,AVFR,1
VC5,AVFR,1
PQR,AVG,1
PHAL,AVG,5
PHAR,AVG,3
AVFL,AVG,2
PVNL,AVG,1
PHAL,AVHL,1
AIML,AVHL,2
BDUL,AVHL,1
BDUR,AVHL,1
RIFR,AVHL,1
AVFL,AVHL,2
AVFR,AVHL,2
AVHR,AVHL,1
AVJL,AVHL,2
PVPR,AVHL,3
AVAL,AVHL,1
PHAL,AVHR,1
PHAR,AVHR,1
PHCR,AVHR,1
AIML,AVHR,1
RIFL,AVHR,1
AVFL,AVHR,4
AVFR,AVHR,1
AVHL,AVHR,1
PVPL,AVHR,1
VC4,AVHR,1
ADLL,AVJL,1
AQR,AVJL,1
ADAR,AVJL,3
AIML,AVJL,1
BDUR,AVJL,2
RIFR,AVJL,1
RMGR,AVJL,1
AVFL,AVJL,1
AVFR,AVJL,2
AVG,AVJL,1
AVHL,AVJL,3
AVJR,AVJL,1
PVNL,AVJL,5
PVNR,AVJL,4
PVR,AVJL,3
PVWL,AVJL,1
PVCL,AVJL,3
LUAL,AVJL,1
RIMR,AVJL,1
HSNL,AVJL,2
HSNR,AVJL,1
ADLL,AVJR,3
ADLR,AVJR,2
AVM,AVJR,1
FLPR,AVJR,1
URXL,AVJR,1
ADER,AVJR,1
ADAL,AVJR,5
BDUL,AVJR,1
RIFL,AVJR,2
RIFR,AVJR,2
AVFL,AVJR,1
AVFR,AVJR,1
AVHR,AVJR,4
PVNL,AVJR,5
PVNR,AVJR,1
PVR,AVJR,2
PVCL,AVJR,1
LUAR,AVJR,1
PVM,AVKL,11
ADER,AVKL,2
PDEL,AVKL,6
PDER,AVKL,16
RIGR,AVKL,4
RIS,AVKL,1
DVC,AVKL,2
PVR,AVKL,1
PVT,AVKL,7
RIMR,AVKL,1
RMDR,AVKL,1
RMFL,AVKL,4
RMFR,AVKL,3
ADER,AVKR,1
RICL,AVKR,1
RIGL,AVKR,2
RIGR,AVKR,1
RIS,AVKR,4
DVC,AVKR,1
PVT,AVKR,7
RMFL,AVKR,4
RMFR,AVKR,3
ADEL,AVL,1
RIS,AVL,2
AVFL,AVL,1
AVG,AVL,1
DVB,AVL,5
PVNL,AVL,2
PVNR,AVL,2
PVPR,AVL,4
PVQR,AVL,1
PVT,AVL,2
PVCR,AVL,1
AVBL,AVL,1
HSNR,AVL,1
VC1,AVL,2
VC3,AVL,1
PVM,DVA,3
PLMR,DVA,5
FLPL,DVA,1
FLPR,DVA,1
PVDR,DVA,3
PDEL,DVA,24
PDER,DVA,35
PHAL,DVA,2
PHAR,DVA,2
PHCL,DVA,6
PHCR,DVA,8
AIZL,DVA,1
AIZR,DVA,2
RIR,DVA,2
SDQR,DVA,3
AVKL,DVA,1
PVR,DVA,1
PVCL,DVA,4
VB1,DVA,1
RIGL,DVC,1
DVB,DVC,3
PVPR,DVC,2
PVQR,DVC,1
PVT,DVC,2
AVDR,DVC,1
VC1,DVC,1
VC2,DVC,1
VC3,DVC,1
VC5,DVC,2
AVM,PVNL,1
PQR,PVNL,1
BDUL,PVNL,2
BDUR,PVNL,4
AVFL,PVNL,2
AVHR,PVNL,1
PVNR,PVNL,1
LUAL,PVNL,1
AIMR,PVNR,1
BDUL,PVNR,2
BDUR,PVNR,1
AVG,PVNR,2
AVJL,PVNR,1
PVNL,PVNR,5
AVBL,PVNR,1
PDA,PVNR,1
VA11,PVNR,2
HSNR,PVNR,2
VC3,PVNR,1
AQR,PVPL,1
RIFL,PVPL,3
RIR,PVPL,1
AVHR,PVPL,3
DVB,PVPL,2
ADFR,PVPR,1
ASHR,PVPR,1
RIFR,PVPR,4
AVG,PVPR,1
AVHL,PVPR,2
AVL,PVPR,1
VC3,PVPR,1
ASJL,PVQL,14
PHAL,PVQL,2
PHAR,PVQL,2
AIML,PVQL,1
AVFL,PVQL,1
AVFR,PVQL,1
AVHL,PVQL,1
AVKR,PVQL,1
ASJR,PVQR,13
AVFL,PVQR,1
AVG,PVQR,1
AVHL,PVQR,2
AVJR,PVQR,1
PVPR,PVQR,1
HSNR,PVQR,1
VC2,PVQR,1
VC3,PVQR,4
IL1DL,PVR,1
AVM,PVR,3
PVM,PVR,1
ADER,PVR,1
PDEL,PVR,2
DVA,PVR,3
PVCR,PVR,1
LUAR,PVR,1
SMDVL,PVR,1
AVG,PVT,1
DVC,PVT,1
PVNL,PVT,1
PVNR,PVT,2
PVQR,PVT,1
PVWL,PVT,2
PVWR,PVT,1
AVEL,PVT,1
RMFL,PVT,1
VA9,PVT,1
VB10,PVT,1
VC1,PVT,2
VC2,PVT,2
VC5,PVT,1
AVL,PVWL,1
PVNL,PVWL,1
PVNR,PVWL,2
LUAL,PVWL,1
LUAR,PVWL,1
PVWL,PVWR,1
PVCR,PVWR,1
AVM,RID,1
AINR,RID,1
RMGL,RID,1
PVCL,RID,5
PVCR,RID,5
ADLR,PVCL,2
ALML,PVCL,4
AVM,PVCL,4
PVM,PVCL,2
PLMR,PVCL,2
FLPR,PVCL,2
PVDL,PVCL,1
PVDR,PVCL,13
PDER,PVCL,1
PHBL,PVCL,13
PHBR,PVCL,6
PHCL,PVCL,2
BDUR,PVCL,2
RIFR,PVCL,1
AVG,PVCL,1
AVJL,PVCL,1
AVJR,PVCL,2
DVA,PVCL,3
PVNL,PVCL,1
PVNR,PVCL,1
PVPR,PVCL,4
PVCR,PVCL,3
AVAL,PVCL,10
AVAR,PVCL,7
AVDL,PVCL,1
VA12,PVCL,2
VD13,PVCL,1
ALML,PVCR,2
ALMR,PVCR,3
AVM,PVCR,5
PVDL,PVCR,6
PVDR,PVCR,10
AQR,PVCR,2
PDER,PVCR,1
PHBR,PVCR,3
PHCR,PVCR,8
RIFR,PVCR,1
AVJL,PVCR,2
AVJR,PVCR,4
DVA,PVCR,1
PVPL,PVCR,3
PVPR,PVCR,7
PVR,PVCR,1
PVWR,PVCR,1
PVCL,PVCR,2
AVAL,PVCR,6
AVAR,PVCR,5
AVEL,PVCR,1
LUAR,PVCR,3
VA12,PVCR,3
VB11,PVCR,1
VD13,PVCR,1
VC2,PVCR,1
ADLL,AVAL,2
ASHL,AVAL,2
AWCL,AVAL,1
PLMR,AVAL,4
FLPL,AVAL,14
FLPR,AVAL,12
PVDL,AVAL,6
PVDR,AVAL,6
BAGR,AVAL,2
URYVR,AVAL,1
AQR,AVAL,2
PQR,AVAL,8
AUAL,AVAL,3
ADEL,AVAL,2
ADER,AVAL,5
PHBL,AVAL,9
PHBR,AVAL,7
PHCL,AVAL,1
AIBL,AVAL,2
ADAR,AVAL,1
ALA,AVAL,1
BDUR,AVAL,3
RIBL,AVAL,2
RICL,AVAL,5
RICR,AVAL,5
RMGL,AVAL,1
SDQL,AVAL,2
SDQR,AVAL,2
AVJR,AVAL,1
DVA,AVAL,3
DVC,AVAL,5
PVNL,AVAL,2
PVNR,AVAL,4
PVPL,AVAL,2
PVPR,AVAL,1
PVCL,AVAL,2
PVCR,AVAL,7
AVAR,AVAL,1
AVBL,AVAL,7
AVBR,AVAL,6
AVDL,AVAL,13
AVDR,AVAL,16
AVEL,AVAL,12
AVER,AVAL,7
LUAL,AVAL,5
LUAR,AVAL,3
SAADL,AVAL,6
SAAVL,AVAL,17
RIML,AVAL,1
RIMR,AVAL,2
SMBDR,AVAL,1
VA2,AVAL,1
VD6,AVAL,1
ADLL,AVAR,3
ADLR,AVAR,2
ASHR,AVAR,5
PLMR,AVAR,1
FLPL,AVAR,17
FLPR,AVAR,5
PVDL,AVAR,6
PVDR,AVAR,9
BAGL,AVAR,2
AQR,AVAR,3
PQR,AVAR,11
AUAR,AVAR,1
ADEL,AVAR,3
ADER,AVAR,1
PHBL,AVAR,6
PHBR,AVAR,7
AIBR,AVAR,1
ADAL,AVAR,2
RIBR,AVAR,2
RICL,AVAR,6
RICR,AVAR,5
RMGR,AVAR,1
SDQL,AVAR,3
AVG,AVAR,3
AVJL,AVAR,1
AVJR,AVAR,1
DVA,AVAR,1
DVC,AVAR,7
PVPL,AVAR,2
PVPR,AVAR,2
PVWR,AVAR,1
PVCL,AVAR,4
PVCR,AVAR,7
AVAL,AVAR,2
AVBL,AVAR,7
AVBR,AVAR,7
AVDL,AVAR,19
AVDR,AVAR,15
AVEL,AVAR,7
AVER,AVAR,16
LUAL,AVAR,6
LUAR,AVAR,7
SAADR,AVAR,3
SAAVR,AVAR,13
SMBDL,AVAR,1
AS9,AVAR,1
VD5,AVAR,1
VD11,AVAR,2
VD13,AVAR,2
ADLL,AVBL,4
ADLR,AVBL,1
ASHL,AVBL,6
AWBL,AVBL,1
AVM,AVBL,6
FLPL,AVBL,4
FLPR,AVBL,5
URXL,AVBL,1
URXR,AVBL,1
AQR,AVBL,3
AIBL,AVBL,5
ADAL,AVBL,4
ADAR,AVBL,2
RIFL,AVBL,10
RIFR,AVBL,1
SDQR,AVBL,6
URBL,AVBL,1
AVFL,AVBL,1
AVFR,AVBL,1
AVG,AVBL,2
AVHL,AVBL,1
AVHR,AVBL,2
AVJL,AVBL,1
AVJR,AVBL,3
AVKL,AVBL,1
DVA,AVBL,1
DVC,AVBL,1
PVNR,AVBL,1
PVPL,AVBL,5
PVPR,AVBL,4
PVQR,AVBL,1
PVR,AVBL,4
PVCL,AVBL,5
PVCR,AVBL,8
AVAR,AVBL,1
AVBR,AVBL,1
AVDR,AVBL,1
RIML,AVBL,2
RIMR,AVBL,2
VC4,AVBL,1
ADLR,AVBR,2
ASHR,AVBR,3
AWBR,AVBR,2
AVM,AVBR,6
FLPL,AVBR,5
FLPR,AVBR,1
URXR,AVBR,2
URYVL,AVBR,1
AQR,AVBR,4
AIBR,AVBR,3
ADAL,AVBR,7
ADAR,AVBR,5
AIML,AVBR,2
RIBL,AVBR,1
RIFL,AVBR,1
RIFR,AVBR,17
RMGL,AVBR,2
RMGR,AVBR,1
SDQR,AVBR,4
URBR,AVBR,1
AVFL,AVBR,2
AVFR,AVBR,5
AVG,AVBR,2
AVHL,AVBR,1
AVHR,AVBR,1
AVJL,AVBR,4
AVJR,AVBR,1
PVNL,AVBR,1
PVNR,AVBR,2
PVPL,AVBR,6
PVPR,AVBR,5
PVR,AVBR,4
PVCL,AVBR,12
PVCR,AVBR,6
AVAL,AVBR,1
AVBL,AVBR,1
RIML,AVBR,3
RIMR,AVBR,5
ADLL,AVDL,1
ADLR,AVDL,5
ASHL,AVDL,2
ASHR,AVDL,5
PLMR,AVDL,1
FLPL,AVDL,6
FLPR,AVDL,10
AQR,AVDL,1
PQR,AVDL,7
PHBL,AVDL,1
PHBR,AVDL,1
ADAL,AVDL,1
AIML,AVDL,1
RMGR,AVDL,1
AVHL,AVDL,1
AVJL,AVDL,1
AVJR,AVDL,1
PVNL,AVDL,3
PVCL,AVDL,5
PVCR,AVDL,5
AVAL,AVDL,1
AVAR,AVDL,1
AVBL,AVDL,1
AVDR,AVDL,2
LUAL,AVDL,4
LUAR,AVDL,1
VA4,AVDL,1
ADLL,AVDR,4
ADLR,AVDR,2
ASHL,AVDR,4
ASHR,AVDR,1
ALML,AVDR,1
PLMR,AVDR,4
FLPL,AVDR,13
FLPR,AVDR,1
AQR,AVDR,1
PQR,AVDR,6
AUAL,AVDR,1
ADER,AVDR,2
PHAL,AVDR,1
PHBR,AVDR,1
AIML,AVDR,1
AIMR,AVDR,1
RIBL,AVDR,1
AVG,AVDR,1
AVHR,AVDR,1
AVJR,AVDR,3
PVNL,AVDR,3
PVNR,AVDR,1
PVPL,AVDR,2
PVWR,AVDR,1
PVCL,AVDR,2
PVCR,AVDR,1
AVAR,AVDR,2
AVBL,AVDR,2
AVER,AVDR,1
LUAL,AVDR,2
LUAR,AVDR,3
HSNL,AVDR,2
HSNR,AVDR,1
IL1R,AVEL,1
IL2L,AVEL,1
OLLR,AVEL,16
CEPDR,AVEL,6
CEPVR,AVEL,5
ALML,AVEL,1
FLPR,AVEL,4
BAGL,AVEL,1
BAGR,AVEL,4
URXL,AVEL,4
URYDR,AVEL,2
URYVR,AVEL,6
AUAL,AVEL,3
ADEL,AVEL,1
AIBR,AVEL,1
AIZR,AVEL,4
ADAL,AVEL,1
ADAR,AVEL,1
ALA,AVEL,2
RIBL,AVEL,2
RIBR,AVEL,3
RIGL,AVEL,2
RIS,AVEL,7
RMGL,AVEL,2
SDQL,AVEL,1
AVG,AVEL,1
AVJL,AVEL,1
AVKL,AVEL,2
AVL,AVEL,1
DVA,AVEL,9
PVNL,AVEL,1
PVNR,AVEL,3
PVCL,AVEL,2
PVCR,AVEL,1
AVAR,AVEL,2
AVBL,AVEL,1
ASHR,AVER,3
IL1L,AVER,2
IL1R,AVER,1
OLLL,AVER,21
CEPDL,AVER,5
CEPVL,AVER,3
FLPR,AVER,2
BAGL,AVER,4
URXR,AVER,2
URYDL,AVER,2
URYDR,AVER,2
URYVL,AVER,5
AUAR,AVER,4
ADER,AVER,1
AIZL,AVER,5
AIZR,AVER,2
AIML,AVER,1
ALA,AVER,2
RIBL,AVER,5
RIBR,AVER,2
RIGL,AVER,1
RIGR,AVER,2
RIS,AVER,7
RMGR,AVER,3
AVG,AVER,1
AVJR,AVER,3
AVKL,AVER,1
DVA,AVER,5
PVPL,AVER,1
PVCL,AVER,1
PVCR,AVER,1
AVAR,AVER,2
AVBL,AVER,2
PHCL,LUAL,1
AVAL,LUAL,1
AVAR,LUAL,1
AVDL,LUAL,1
AVDR,LUAL,2
VA12,LUAL,2
PQR,LUAR,1
PHCR,LUAR,1
PVCR,LUAR,1
AVAR,LUAR,3
PLNL,SAADL,5
AIBL,SAADL,2
AIBR,SAADL,1
BDUL,SAADL,1
AVKR,SAADL,1
RIVR,SAADL,2
SMBVL,SAADL,3
VB1,SAADL,9
PLNR,SAADR,4
AIBL,SAADR,2
RIAR,SAADR,1
AVKL,SAADR,1
DVA,SAADR,1
RIML,SAADR,1
RIVL,SAADR,3
SMBVR,SAADR,4
VB1,SAADR,4
ALNL,SAAVL,3
DVA,SAAVL,1
RIML,SAAVL,3
RIMR,SAAVL,3
SMBDR,SAAVL,3
ALNR,SAAVR,2
ADER,SAAVR,1
DVA,SAAVR,1
RIML,SAAVR,2
RIMR,SAAVR,3
SMBDL,SAAVR,2
AVL,SABD,5
DVA,SABD,1
PVR,SABD,1
AVAR,SABD,1
AVDL,SABD,2
AVDR,SABD,1
AVEL,SABD,6
AVER,SABD,2
VB1,SABD,1
HSNR,SABD,1
AVJR,SABVL,1
AVL,SABVL,4
AVAR,SABVL,3
AVDL,SABVL,1
AVDR,SABVL,3
AVEL,SABVL,7
AVER,SABVL,3
HSNL,SABVL,2
AVL,SABVR,3
AVDL,SABVR,1
AVDR,SABVR,1
AVEL,SABVR,3
AVER,SABVR,3
HSNR,SABVR,1
ASHL,RIML,1
AIBL,RIML,2
AIBR,RIML,16
AIZL,RIML,4
ADAL,RIML,3
RICL,RIML,1
RIFL,RIML,4
RIS,RIML,1
AVKL,RIML,2
AVKR,RIML,2
SAADL,RIML,3
SAADR,RIML,4
SAAVL,RIML,2
SAAVR,RIML,5
VB1,RIML,2
HSNL,RIML,2
AIBL,RIMR,13
AIBR,RIMR,1
AIZR,RIMR,4
ADAR,RIMR,5
RICL,RIMR,3
RIFR,RIMR,4
RIS,RIMR,4
AVHL,RIMR,1
AVKL,RIMR,1
AVKR,RIMR,2
DVA,RIMR,1
PVPR,RIMR,1
SAADL,RIMR,6
SAADR,RIMR,5
SAAVL,RIMR,12
SAAVR,RIMR,2
RMDR,RIMR,2
IL1L,RMDDL,5
IL1R,RMDDL,3
IL1VL,RMDDL,5
OLQDR,RMDDL,3
OLLL,RMDDL,7
CEPDR,RMDDL,1
CEPVL,RMDDL,4
ALMR,RMDDL,1
URYDR,RMDDL,3
URYVL,RMDDL,4
RIAL,RMDDL,12
RIAR,RMDDL,10
RIS,RMDDL,1
RMDR,RMDDL,1
RMDVR,RMDDL,4
RIVR,RMDDL,1
SMDVR,RMDDL,2
IL1DL,RMDDR,1
IL1R,RMDDR,2
IL1VR,RMDDR,10
OLQDL,RMDDR,4
OLLR,RMDDR,10
CEPVR,RMDDR,2
ALML,RMDDR,1
URYDL,RMDDR,4
URYVR,RMDDR,6
RIAL,RMDDR,7
RIAR,RMDDR,11
URBL,RMDDR,1
RMDL,RMDDR,1
RMDVL,RMDDR,6
SMDVL,RMDDR,1
IL1L,RMDL,1
IL1R,RMDL,4
IL2L,RMDL,3
IL2R,RMDL,2
OLLL,RMDL,2
OLLR,RMDL,3
ADEL,RMDL,4
RIAL,RMDL,6
RIAR,RMDL,3
RIS,RMDL,2
RMGL,RMDL,1
RMGR,RMDL,4
URBR,RMDL,1
RIML,RMDL,1
RIMR,RMDL,3
RMDR,RMDL,1
RMFR,RMDL,2
RIVL,RMDL,2
IL1L,RMDR,3
IL1R,RMDR,2
IL2L,RMDR,1
URXR,RMDR,1
ADER,RMDR,2
ALA,RMDR,1
RIAL,RMDR,6
RIAR,RMDR,8
RIS,RMDR,4
RMGL,RMDR,3
RMGR,RMDR,2
URBR,RMDR,1
AVKR,RMDR,1
RIML,RMDR,1
RIMR,RMDR,1
RMDL,RMDR,3
RMFL,RMDR,3
RMHL,RMDR,1
RIVR,RMDR,1
IL1DL,RMDVL,4
IL1L,RMDVL,4
IL1R,RMDVL,1
OLQVR,RMDVL,4
OLLL,RMDVL,1
CEPDL,RMDVL,3
URYDL,RMDVL,6
URYVR,RMDVL,4
RIAL,RMDVL,9
RIAR,RMDVL,12
RMGL,RMDVL,3
RMDDR,RMDVL,12
URAVR,RMDVL,1
IL1DR,RMDVR,5
IL1L,RMDVR,2
IL1R,RMDVR,4
OLQVL,RMDVR,4
OLLR,RMDVR,3
CEPDR,RMDVR,2
URYDR,RMDVR,5
URYVL,RMDVR,2
RIAL,RMDVR,11
RIAR,RMDVR,10
RMGR,RMDVR,5
RMDDL,RMDVR,7
RIVR,RMDVR,1
URADR,RMDVR,1
IL2DR,RMED,1
SMBDL,RMED,3
SMBDR,RMED,4
URADR,RMED,1
IL1R,RMEL,2
IL2DL,RMEL,4
IL2DR,RMEL,2
IL2R,RMEL,2
IL2VL,RMEL,2
IL2VR,RMEL,3
OLLL,RMEL,2
URADL,RMEL,1
URAVL,RMEL,1
IL1L,RMER,1
IL1VR,RMER,1
IL2DL,RMER,3
IL2DR,RMER,2
IL2L,RMER,2
IL2VL,RMER,4
IL2VR,RMER,2
OLQVR,RMER,1
OLLR,RMER,2
RIH,RMER,2
RMDL,RMER,1
RMHR,RMER,1
URADR,RMER,1
URAVL,RMER,1
URAVR,RMER,2
IL2DR,RMEV,1
IL2L,RMEV,2
IL2R,RMEV,1
IL2VL,RMEV,1
IL2VR,RMEV,3
RIH,RMEV,1
PVT,RMEV,1
RIVR,RMEV,1
SMBVL,RMEV,5
SMBVR,RMEV,3
URAVL,RMEV,2
URAVR,RMEV,2
RIGL,RMFL,1
SDQL,RMFL,1
AVKR,RMFL,1
DVC,RMFL,2
PVT,RMFL,2
SAADR,RMFL,1
RIMR,RMFL,1
RMDL,RMFL,1
VB1,RMFL,2
RICL,RMFR,1
AVKL,RMFR,1
DVC,RMFR,4
PVT,RMFR,3
SAAVL,RMFR,2
RIML,RMFR,1
RIMR,RMFR,1
IL1R,RMHL,1
CEPDR,RMHL,4
CEPVL,RMHL,1
ADEL,RMHL,1
RIGR,RMHL,4
SDQR,RMHL,2
OLQDR,RMHR,1
CEPDL,RMHR,4
CEPDR,RMHR,1
CEPVR,RMHR,2
ALNR,RMHR,1
RIGL,RMHR,3
RMGL,RMHR,1
SDQR,RMHR,1
CEPVR,RIVL,1
ADEL,RIVL,1
RIAL,RIVL,2
RIAR,RIVL,1
SMDVL,RIVL,1
ADEL,RIVR,1
ADAR,RIVR,1
RIAL,RIVR,4
RICL,RIVR,1
SMDVR,RIVR,1
AWBL,SMBDL,1
ALNR,SMBDL,2
AIZL,SMBDL,9
RICL,SMBDL,2
URBR,SMBDL,1
AVHR,SMBDL,1
AVKR,SMBDL,1
DVA,SMBDL,3
ADFR,SMBDR,1
CEPDL,SMBDR,1
CEPDR,SMBDR,1
ALNL,SMBDR,2
ADEL,SMBDR,1
AIZR,SMBDR,5
RICR,SMBDR,1
URBL,SMBDR,1
AVHL,SMBDR,1
DVA,SMBDR,2
PVT,SMBDR,1
ADFL,SMBVL,2
PLNL,SMBVL,6
AIZL,SMBVL,7
AIML,SMBVL,1
RMGL,SMBVL,2
AVHR,SMBVL,1
DVA,SMBVL,3
ADFR,SMBVR,2
AWBR,SMBVR,1
PLNR,SMBVR,6
AIZR,SMBVR,3
AVHL,SMBVR,2
DVA,SMBVR,2
OLLL,SMDDL,3
URYDL,SMDDL,1
URYDR,SMDDL,4
AIBR,SMDDL,3
RIAL,SMDDL,8
RIAR,SMDDL,7
RIBR,SMDDL,1
RICL,SMDDL,3
RICR,SMDDL,4
AVKR,SMDDL,1
SAAVR,SMDDL,6
RIMR,SMDDL,2
RIVR,SMDDL,2
SMDVR,SMDDL,2
OLLL,SMDDR,4
OLLR,SMDDR,1
ALNR,SMDDR,1
URYDL,SMDDR,2
AIBL,SMDDR,4
AIZR,SMDDR,1
RIAL,SMDDR,10
RIAR,SMDDR,7
RICL,SMDDR,3
RICR,SMDDR,3
RIS,SMDDR,2
AVKL,SMDDR,1
AVKR,SMDDR,2
SAAVL,SMDDR,8
RIML,SMDDR,5
RIMR,SMDDR,4
RMEV,SMDDR,1
RIVL,SMDDR,1
SMDVL,SMDDR,4
OLLR,SMDVL,4
ALNL,SMDVL,1
ALNR,SMDVL,1
URYVR,SMDVL,3
AIBR,SMDVL,1
ADAR,SMDVL,2
RIAL,SMDVL,6
RIAR,SMDVL,13
RICR,SMDVL,2
RIML,SMDVL,1
OLLL,SMDVR,4
OLLR,SMDVR,3
URYVL,SMDVR,4
ADAL,SMDVR,2
RIAL,SMDVR,11
RIAR,SMDVR,7
RIBL,SMDVR,2
RICL,SMDVR,1
RICR,SMDVR,1
RIS,SMDVR,1
RIVR,SMDVR,2
SMDDL,SMDVR,2
IL2DL,URADL,3
CEPDL,URADL,2
BDUL,URADL,1
PVR,URADL,1
IL2DR,URADR,3
CEPDR,URADR,1
BDUR,URADR,1
IL2VL,URAVL,3
CEPVL,URAVL,2
IL2VR,URAVR,4
CEPVR,URAVR,1
AVM,DA1,1
AVAL,DA1,2
AVAR,DA1,2
AVDL,DA1,1
AVDR,DA1,2
AVEL,DA1,5
AVER,DA1,5
AS1,DA1,2
AVL,DA2,1
PVCL,DA2,1
AVAL,DA2,2
AVAR,DA2,2
AVDL,DA2,1
AVDR,DA2,1
AVEL,DA2,1
AVER,DA2,3
DD1,DA2,2
AVAL,DA3,6
AVAR,DA3,3
AVDL,DA3,4
AVDR,DA3,2
AVEL,DA3,3
AVER,DA3,1
DA4,DA3,1
DB2,DA3,5
AS3,DA3,1
DD2,DA3,1
AVAL,DA4,7
AVAR,DA4,6
AVDL,DA4,2
AVDR,DA4,2
AVEL,DA4,1
DA3,DA4,2
PVCL,DA5,1
AVAL,DA5,7
AVAR,DA5,2
AVBR,DA5,1
AVDL,DA5,1
AVDR,DA5,2
HSNR,DA5,1
RID,DA6,3
PVCL,DA6,1
AVAL,DA6,11
AVAR,DA6,11
HSNR,DA6,1
AVAL,DA7,2
AVAR,DA7,3
PHAR,DA8,1
PHBR,DA8,1
AVG,DA8,1
DVB,DA8,4
AVAL,DA8,4
AVAR,DA8,8
AVDL,DA8,1
AVDR,DA8,1
VA12,DA8,3
PHCL,DA9,7
PHCR,DA9,2
PVR,DA9,1
PVCR,DA9,1
AVAL,DA9,3
AVAR,DA9,2
AVDR,DA9,1
PDA,DA9,1
VA12,DA9,5
DVB,PDA,1
AS11,PDA,1
AS2,DB1,1
DVA,DB2,1
PVR,DB2,1
PVCL,DB2,3
PVCR,DB2,1
DVA,DB3,2
PVR,DB3,1
PVCL,DB3,4
PVCR,DB3,3
AVAR,DB3,1
AVER,DB3,1
DA3,DB3,1
DA4,DB3,1
DVA,DB4,1
PVCL,DB4,3
PVCR,DB4,4
AVDR,DB4,1
DA5,DB4,1
VC2,DB4,1
DVA,DB5,1
PVCL,DB5,2
PVCR,DB5,1
AVAL,DB5,2
AVAR,DB5,1
DVA,DB6,2
PVCL,DB6,2
PVCR,DB6,2
AVAL,DB6,1
AVAR,DB6,5
DVA,DB7,2
PVCL,DB7,3
PVCR,DB7,1
VA12,DB7,4
PVCL,AS1,1
AVAR,AS1,1
AVBR,AS1,1
AVDL,AS1,1
AVEL,AS1,1
AVER,AS1,3
DB1,AS1,1
RID,AS2,1
PVCR,AS2,1
AVAL,AS2,1
AVAR,AS2,2
AVER,AS2,2
DB1,AS2,1
AVAL,AS3,1
AVAR,AS3,1
AVBL,AS3,1
AVBR,AS3,1
AVER,AS3,1
DB1,AS3,1
AVAL,AS4,1
AVAR,AS4,1
AVBL,AS4,1
AVBR,AS4,1
AVDL,AS4,1
DA3,AS4,1
DB3,AS4,1
AVAL,AS5,3
AVAR,AS5,1
AVBL,AS5,1
AVBR,AS5,1
AVDL,AS5,1
AVDR,AS5,1
DB3,AS5,1
AS4,AS5,1
HSNR,AS5,1
PLMR,AS6,1
PVR,AS6,1
AVAR,AS6,2
AVBL,AS6,1
AVBR,AS6,1
AVAL,AS7,8
AVAR,AS7,3
AVBR,AS7,1
AVAL,AS8,5
AVAR,AS8,6
AVAL,AS9,8
AVAR,AS9,5
AVBL,AS9,1
AVAL,AS10,2
AVAR,AS10,1
AVBL,AS10,1
AVBR,AS10,1
AVDL,AS10,1
AVDR,AS10,1
AVAL,AS11,4
AVAR,AS11,6
AVDL,AS11,2
PDA,AS11,1
VA12,AS11,2
AS11,PDB,1
AVL,DD1,1
PVNL,DD1,2
PVQR,DD1,1
RID,DD1,4
DA1,DD1,4
DA2,DD1,1
DB1,DD1,10
AS2,DD1,1
AS3,DD1,1
VA1,DD1,9
VA2,DD1,13
VA3,DD1,18
VB1,DD1,1
VB2,DD1,20
VD1,DD1,1
VD2,DD1,1
VC1,DD1,7
VC2,DD1,6
VC3,DD1,2
PVPR,DD2,1
RID,DD2,4
DA3,DD2,1
DA4,DD2,1
DB2,DD2,2
DB3,DD2,4
AS5,DD2,1
VA3,DD2,11
VA4,DD2,21
VA5,DD2,5
VB2,DD2,1
VB3,DD2,37
VB4,DD2,6
VC1,DD2,6
VC2,DD2,4
VC3,DD2,4
PVNR,DD3,1
RID,DD3,3
DB3,DD3,10
DB4,DD3,3
VA5,DD3,13
VA6,DD3,24
VA7,DD3,3
VB4,DD3,16
VB5,DD3,27
VC1,DD3,6
VC2,DD3,9
VC3,DD3,5
VA7,DD4,12
VA8,DD4,21
VA9,DD4,3
VB6,DD4,30
VB7,DD4,2
VD8,DD4,1
VC3,DD4,12
PVDL,DD5,1
VA9,DD5,15
VB8,DD5,30
VB9,DD5,8
VD10,DD5,1
AVL,DD6,2
DVB,DD6,3
DA9,DD6,1
PDA,DD6,1
VA11,DD6,10
VA12,DD6,2
VB10,DD6,9
VB11,DD6,7
AVM,VA1,2
AVEL,VA1,5
AVER,VA1,1
VB1,VA1,3
VD1,VA1,2
DVA,VA2,1
AVAL,VA2,1
AVAR,VA2,2
AVBL,VA2,1
AVDR,VA2,1
AVER,VA2,1
SABD,VA2,1
VB2,VA2,1
VD2,VA2,6
AVAL,VA3,2
AVAR,VA3,5
AVDR,VA3,2
AVEL,VA3,3
AVER,VA3,2
VA2,VA3,2
VB1,VA3,1
VD3,VA3,2
AVAL,VA4,2
AVAR,VA4,2
AVBR,VA4,1
AVER,VA4,1
VA3,VA4,1
VB3,VA4,1
AVAL,VA5,3
AVAR,VA5,1
AVDL,VA5,2
AVER,VA5,1
VD5,VA5,2
AVAL,VA6,4
AVAR,VA6,3
AVDR,VA6,1
VD6,VA6,1
HSNR,VA6,1
AVBL,VA7,1
AVAL,VA8,9
AVAR,VA8,12
VB6,VA8,1
VD8,VA8,4
PVDR,VA9,1
PDEL,VA9,1
AVAL,VA9,7
AVAR,VA9,6
AVBR,VA9,1
VA8,VA9,1
VB8,VA9,9
AVAL,VA10,5
AVAR,VA10,4
AVBL,VA10,1
AVG,VA11,1
AVAL,VA11,6
AVAR,VA11,8
AVDR,VA11,1
VA12,VA11,1
VD11,VA11,1
VD12,VA11,3
PHBL,VA12,1
PHBR,VA12,2
PHCL,VA12,2
PHCR,VA12,1
DVA,VA12,1
PVWL,VA12,1
PVWR,VA12,1
AVAL,VA12,2
VB11,VA12,1
VD12,VA12,2
VD13,VA12,1
FLPR,VB1,1
AIBR,VB1,3
AVFL,VB1,1
DVA,VB1,1
VA2,VB1,2
AIZL,VB2,1
AVBL,VB2,1
VD2,VB2,3
VD3,VB2,2
PVCL,VB3,1
VA4,VB3,2
PVCL,VB4,1
PVCR,VB4,3
VD5,VB4,2
PVCL,VB5,1
VA6,VB5,2
VD6,VB5,2
PVCL,VB6,2
PVCR,VB6,2
VA8,VB6,1
PVCR,VB7,3
VB6,VB7,1
PVCL,VB8,1
PVCR,VB8,1
DD5,VB8,1
VA8,VB8,1
VA9,VB8,6
VB9,VB8,1
VB8,VB9,3
VD10,VB9,2
PVCL,VB10,2
PVCR,VB10,1
VA11,VB10,1
VD11,VB10,1
VD12,VB10,1
DVA,VB11,2
PVCL,VB11,1
VD12,VB11,1
AVHL,VD1,1
PVQR,VD1,1
DA1,VD1,17
DA2,VD1,2
DB1,VD1,21
AS1,VD1,5
VA1,VD1,2
VA2,VD1,2
VB1,VD1,3
VC1,VD1,4
VC2,VD1,2
VC3,VD1,1
AVEL,VD2,1
DA1,VD2,1
DA2,VD2,11
DB1,VD2,15
AS2,VD2,10
AS3,VD2,1
DD1,VD2,1
VA2,VD2,8
VA3,VD2,3
VB1,VD2,1
VB2,VD2,9
VC1,VD2,1
VC2,VD2,2
VC3,VD2,1
AVBR,VD3,1
AVEL,VD3,1
DA2,VD3,5
DA3,VD3,25
DB1,VD3,1
DB2,VD3,23
AS3,VD3,15
DD2,VD3,1
VA3,VD3,3
VB2,VD3,3
VC1,VD3,1
VC3,VD3,1
DA3,VD4,6
DA4,VD4,12
DA6,VD4,4
DB2,VD4,14
DB3,VD4,9
AS4,VD4,11
DD2,VD4,1
VA4,VD4,3
HSNR,VD4,2
VC1,VD4,2
VC2,VD4,5
VC3,VD4,2
RID,VD5,2
DA4,VD5,15
DA5,VD5,1
DA6,VD5,3
DB2,VD5,1
DB3,VD5,26
AS5,VD5,9
VA5,VD5,2
VA6,VD5,1
VC1,VD5,5
VC2,VD5,5
VC3,VD5,4
PVNR,VD6,1
DA5,VD6,16
DA6,VD6,3
DB3,VD6,7
DB4,VD6,13
AS6,VD6,13
VA6,VD6,2
VB5,VD6,7
VB6,VD6,1
VC1,VD6,1
VC2,VD6,1
VC3,VD6,4
PVNR,VD7,1
VA7,VD7,9
VA8,VD7,5
VB6,VD7,8
VC3,VD7,5
VA8,VD8,5
DD5,VD9,1
VA9,VD9,10
VB8,VD9,10
PVDL,VD10,1
VB8,VD10,1
VB9,VD10,5
PDEL,VD11,1
AVFR,VD11,1
VB10,VD11,1
AVL,VD12,4
PVNR,VD12,1
VA11,VD12,4
VA12,VD12,3
VB10,VD12,2
RID,VD13,1
AVAR,VD13,2
DA9,VD13,1
PDA,VD13,3
DB7,VD13,2
AS11,VD13,2
PDB,VD13,4
VA12,VD13,11
ASJL,HSNL,1
PLML,HSNL,1
AIAL,HSNL,1
AIYR,HSNL,1
AIMR,HSNL,1
BDUL,HSNL,1
RIR,HSNL,1
AVFL,HSNL,1
PVQL,HSNL,2
HSNR,HSNL,1
VC5,HSNL,1
ASHR,HSNR,1
ASJL,HSNR,1
ASJR,HSNR,1
PLMR,HSNR,1
AIYL,HSNR,1
AIMR,HSNR,2
BDUR,HSNR,4
RIFR,HSNR,1
AVFR,HSNR,1
AVJL,HSNR,1
AVL,HSNR,1
PVNR,HSNR,1
PVQR,HSNR,1
AVBR,HSNR,1
HSNL,HSNR,3
VC3,HSNR,1
VC2,VC1,4
VC3,VC1,2
VC4,VC1,1
PVNR,VC2,2
VB2,VC2,1
HSNR,VC2,3
VC1,VC2,3
VC3,VC2,1
PVNR,VC3,1
AVBL,VC3,1
HSNR,VC3,1
VC1,VC3,1
VC2,VC3,4
VC4,VC3,4
VC5,VC3,1
VC5,VC4,1
HSNL,VC5,3
VC4,VC5,1
